Länskod,Kommunkod,Kommunnamn,Inregistrerad,Avregistrerad
01,0114,Upplands Väsby,2002-09-19,
01,0115,Vallentuna,1971-01-01,2013-01-01
01,0117,Österåker,1983-01-01,
01,0120,Värmdö,1974-01-01,
01,0123,Järfälla,1968-01-01,
01,0125,Ekerö,1971-01-01,
01,0126,Huddinge,1968-01-01,
01,0127,Botkyrka,1983-01-01,
01,0128,Salem,1983-01-01,
01,0136,Haninge,1971-01-01,
01,0138,Tyresö,1968-01-01,
01,0139,Upplands-Bro,1971-01-01,
01,0140,Nykvarn,1999-01-01,
01,0160,Täby,1968-01-01,
01,0162,Danderyd,1971-01-01,
01,0163,Sollentuna,1968-01-01,
01,0180,Stockholm,1952-01-01,
01,0181,Södertälje,1999-01-01,
01,0182,Nacka,1971-01-01,
01,0183,Sundbyberg,1968-01-01,
01,0184,Solna,1968-01-01,
01,0186,Lidingö,2011-01-01,
01,0187,Vaxholm,2011-01-01,
01,0188,Norrtälje,1971-01-01,
01,0191,Sigtuna,1971-01-01,2013-01-01
01,0192,Nynäshamn,1974-01-01,
03,0305,Håbo,1952-01-01,
03,0319,Älvkarleby,1952-01-01,
03,0330,Knivsta,2003-01-01,
03,0331,Heby,2007-01-01,
03,0360,Tierp,1974-01-01,
03,0380,Uppsala,2003-01-01,
03,0381,Enköping,1971-01-01,
03,0382,Östhammar,1974-01-01,
04,0428,Vingåker,1971-01-01,
04,0461,Gnesta,1992-01-01,
04,0480,Nyköping,1992-01-01,
04,0481,Oxelösund,1952-01-01,
04,0482,Flen,1971-01-01,
04,0483,Katrineholm,1971-01-01,
04,0484,Eskilstuna,1971-01-01,
04,0486,Strängnäs,1971-01-01,
04,0488,Trosa,1992-01-01,
05,0509,Ödeshög,1969-01-01,
05,0512,Ydre,1952-01-01,
05,0513,Kinda,1974-01-01,
05,0560,Boxholm,1971-01-01,
05,0561,Åtvidaberg,1971-01-01,
05,0562,Finspång,1971-01-01,
05,0563,Valdemarsvik,1971-01-01,
05,0580,Linköping,1971-01-01,
05,0581,Norrköping,1974-01-01,
05,0582,Söderköping,1974-01-01,
05,0583,Motala,1980-01-01,
05,0584,Vadstena,1980-01-01,
05,0586,Mjölby,1971-01-01,
06,0604,Aneby,1967-01-01,
06,0617,Gnosjö,1952-01-01,
06,0642,Mullsjö,1998-01-01,
06,0643,Habo,1998-01-01,
06,0662,Gislaved,1974-01-01,
06,0665,Vaggeryd,1971-01-01,
06,0680,Jönköping,1971-01-01,
06,0682,Nässjö,1971-01-01,
06,0683,Värnamo,1971-01-01,
06,0684,Sävsjö,1974-01-01,
06,0685,Vetlanda,2005-01-01,
06,0686,Eksjö,2005-01-01,
06,0687,Tranås,1967-01-01,
07,0760,Uppvidinge,1971-01-01,
07,0761,Lessebo,1971-01-01,
07,0763,Tingsryd,1971-01-01,
07,0764,Alvesta,2006-01-01,
07,0765,Älmhult,1971-01-01,
07,0767,Markaryd,1971-01-01,
07,0780,Växjö,2006-01-01,
07,0781,Ljungby,1971-01-01,
08,0821,Högsby,1969-01-01,
08,0834,Torsås,1971-01-01,
08,0840,Mörbylånga,1974-01-01,
08,0860,Hultsfred,1971-01-01,
08,0861,Mönsterås,1974-01-01,
08,0862,Emmaboda,1971-01-01,
08,0880,Kalmar,1971-01-01,
08,0881,Nybro,1969-01-01,
08,0882,Oskarshamn,1967-01-01,2012-05-01
08,0883,Västervik,1971-01-01,2012-05-01
08,0884,Vimmerby,1971-01-01,
08,0885,Borgholm,1974-01-01,
09,0980,Gotland,1971-01-01,
10,1060,Olofström,1967-01-01,
10,1080,Karlskrona,1974-01-01,
10,1081,Ronneby,1967-01-01,
10,1082,Karlshamn,1967-01-01,
10,1083,Sölvesborg,1971-01-01,
12,1214,Svalöv,1971-01-01,
12,1230,Staffanstorp,1952-01-01,
12,1231,Burlöv,1952-01-01,
12,1233,Vellinge,1974-01-01,
12,1256,Östra Göinge,1997-01-01,
12,1257,Örkelljunga,1997-01-01,
12,1260,Bjuv,1974-01-01,
12,1261,Kävlinge,1974-01-01,
12,1262,Lomma,1963-01-01,
12,1263,Svedala,1977-01-01,
12,1264,Skurup,1971-01-01,
12,1265,Sjöbo,1974-01-01,
12,1266,Hörby,1974-01-01,
12,1267,Höör,1969-01-01,
12,1270,Tomelilla,1997-01-01,
12,1272,Bromölla,1997-01-01,
12,1273,Osby,1997-01-01,
12,1275,Perstorp,1997-01-01,
12,1276,Klippan,1997-01-01,
12,1277,Åstorp,1997-01-01,
12,1278,Båstad,1997-01-01,
12,1280,Malmö,1971-01-01,
12,1281,Lund,1974-01-01,
12,1282,Landskrona,1974-01-01,
12,1283,Helsingborg,1971-01-01,
12,1284,Höganäs,1971-01-01,
12,1285,Eslöv,1971-01-01,
12,1286,Ystad,1971-01-01,
12,1287,Trelleborg,1967-01-01,
12,1290,Kristianstad,1997-01-01,
12,1291,Simrishamn,1997-01-01,
12,1292,Ängelholm,1997-01-01,
12,1293,Hässleholm,1997-01-01,
13,1315,Hylte,1974-01-01,
13,1380,Halmstad,1974-01-01,
13,1381,Laholm,1974-01-01,
13,1382,Falkenberg,1971-01-01,
13,1383,Varberg,1971-01-01,
13,1384,Kungsbacka,1974-01-01,
14,1401,Härryda,1971-01-01,
14,1402,Partille,1952-01-01,
14,1407,Öckerö,1952-01-01,
14,1415,Stenungsund,1971-01-01,
14,1419,Tjörn,1952-01-01,
14,1421,Orust,1971-01-01,
14,1427,Sotenäs,1974-01-01,
14,1430,Munkedal,1974-01-01,
14,1435,Tanum,1971-01-01,
14,1438,Dals-Ed,1998-01-01,
14,1439,Färgelanda,1998-01-01,
14,1440,Ale,1998-01-01,
14,1441,Lerum,1998-01-01,
14,1442,Vårgårda,1998-01-01,
14,1443,Bollebygd,1998-01-01,
14,1444,Grästorp,1998-01-01,
14,1445,Essunga,1998-01-01,
14,1446,Karlsborg,1998-01-01,
14,1447,Gullspång,1998-01-01,
14,1452,Tranemo,1998-01-01,
14,1460,Bengtsfors,1998-01-01,
14,1461,Mellerud,1998-01-01,
14,1462,Lilla Edet,1998-01-01,
14,1463,Mark,1998-01-01,
14,1465,Svenljunga,1998-01-01,
14,1466,Herrljunga,1998-01-01,
14,1470,Vara,1998-01-01,
14,1471,Götene,1998-01-01,
14,1472,Tibro,1998-01-01,
14,1473,Töreboda,1998-01-01,
14,1480,Göteborg,1974-01-01,
14,1481,Mölndal,1971-01-01,
14,1482,Kungälv,1974-01-01,
14,1484,Lysekil,1971-01-01,
14,1485,Uddevalla,1971-01-01,
14,1486,Strömstad,1967-01-01,
14,1487,Vänersborg,1998-01-01,
14,1488,Trollhättan,1998-01-01,
14,1489,Alingsås,1998-01-01,
14,1490,Borås,1998-01-01,
14,1491,Ulricehamn,1998-01-01,
14,1492,Åmål,1998-01-01,
14,1493,Mariestad,1998-01-01,
14,1494,Lidköping,1998-01-01,
14,1495,Skara,1998-01-01,
14,1496,Skövde,1998-01-01,
14,1497,Hjo,1998-01-01,
14,1498,Tidaholm,1998-01-01,
14,1499,Falköping,1998-01-01,
17,1715,Kil,1971-01-01,
17,1730,Eda,1971-01-01,
17,1737,Torsby,1974-01-01,
17,1760,Storfors,1967-01-01,
17,1761,Hammarö,1952-01-01,
17,1762,Munkfors,1952-01-01,
17,1763,Forshaga,1974-01-01,
17,1764,Grums,1971-01-01,
17,1765,Årjäng,1974-01-01,
17,1766,Sunne,1971-01-01,
17,1780,Karlstad,1971-01-01,
17,1781,Kristinehamn,1971-01-01,
17,1782,Filipstad,1971-01-01,
17,1783,Hagfors,1974-01-01,
17,1784,Arvika,1971-01-01,
17,1785,Säffle,1971-01-01,
18,1814,Lekeberg,1995-01-01,
18,1860,Laxå,1967-01-01,
18,1861,Hallsberg,1971-01-01,
18,1862,Degerfors,1967-01-01,
18,1863,Hällefors,1967-01-01,
18,1864,Ljusnarsberg,1962-01-01,
18,1880,Örebro,1995-01-01,
18,1881,Kumla,1971-01-01,
18,1882,Askersund,1971-01-01,
18,1883,Karlskoga,1952-01-01,
18,1884,Nora,1967-01-01,
18,1885,Lindesberg,1971-01-01,
19,1904,Skinnskatteberg,1952-01-01,
19,1907,Surahammar,1967-01-01,
19,1960,Kungsör,1971-01-01,
19,1961,Hallstahammar,1971-01-01,2013-01-01
19,1962,Norberg,1971-01-01,
19,1980,Västerås,1971-01-01,2013-01-01
19,1981,Sala,1971-01-01,
19,1982,Fagersta,1967-01-01,
19,1983,Köping,1971-01-01,
19,1984,Arboga,1974-01-01,
20,2021,Vansbro,1971-01-01,
20,2023,Malung-Sälen,2008-01-01,
20,2026,Gagnef,1971-01-01,
20,2029,Leksand,1974-01-01,
20,2031,Rättvik,1974-01-01,
20,2034,Orsa,1952-01-01,
20,2039,Älvdalen,1971-01-01,
20,2061,Smedjebacken,1974-01-01,
20,2062,Mora,1971-01-01,
20,2080,Falun,1971-01-01,
20,2081,Borlänge,1971-01-01,
20,2082,Säter,1971-01-01,
20,2083,Hedemora,1967-01-01,
20,2084,Avesta,1967-01-01,
20,2085,Ludvika,1971-01-01,
21,2101,Ockelbo,1971-01-01,
21,2104,Hofors,1971-01-01,
21,2121,Ovanåker,1977-01-01,
21,2132,Nordanstig,1974-01-01,
21,2161,Ljusdal,1971-01-01,
21,2180,Gävle,1971-01-01,
21,2181,Sandviken,1971-01-01,
21,2182,Söderhamn,1971-01-01,
21,2183,Bollnäs,1977-01-01,
21,2184,Hudiksvall,1971-01-01,
22,2260,Ånge,1971-01-01,
22,2262,Timrå,1971-01-01,
22,2280,Härnösand,1969-01-01,
22,2281,Sundsvall,1974-01-01,
22,2282,Kramfors,1974-01-01,
22,2283,Sollefteå,1974-01-01,
22,2284,Örnsköldsvik,1971-01-01,
23,2303,Ragunda,1974-01-01,
23,2305,Bräcke,1974-01-01,
23,2309,Krokom,1974-01-01,
23,2313,Strömsund,1974-01-01,
23,2321,Åre,1974-01-01,
23,2326,Berg,1971-01-01,
23,2361,Härjedalen,1974-01-01,
23,2380,Östersund,1971-01-01,
24,2401,Nordmaling,1952-01-01,
24,2403,Bjurholm,1983-01-01,
24,2404,Vindeln,1969-01-01,
24,2409,Robertsfors,1974-01-01,
24,2417,Norsjö,1983-01-01,
24,2418,Malå,1983-01-01,
24,2421,Storuman,1971-01-01,
24,2422,Sorsele,1952-01-01,
24,2425,Dorotea,1980-01-01,
24,2460,Vännäs,1983-01-01,
24,2462,Vilhelmina,1965-01-01,
24,2463,Åsele,1980-01-01,
24,2480,Umeå,1974-01-01,
24,2481,Lycksele,1971-01-01,
24,2482,Skellefteå,1974-01-01,
25,2505,Arvidsjaur,1952-01-01,
25,2506,Arjeplog,1952-01-01,
25,2510,Jokkmokk,1952-01-01,
25,2513,Överkalix,1952-01-01,
25,2514,Kalix,1967-01-01,
25,2518,Övertorneå,1969-01-01,
25,2521,Pajala,1971-01-01,
25,2523,Gällivare,1952-01-01,
25,2560,Älvsbyn,1969-01-01,
25,2580,Luleå,1969-01-01,2016-01-01
25,2581,Piteå,1967-01-01,
25,2582,Boden,1971-01-01,2016-01-01
25,2583,Haparanda,1967-01-01,
25,2584,Kiruna,1971-01-01,
