year,url,page,hovratt,county_raw,court_no,court_name,court_kind,seat,unit,unit_kind,partial,unit_source,source_text
1925,https://runeberg.org/statskal/1925/0169.html,169,Svea,Stockholms,1,Norra Roslags domsaga,domsaga,,Frösåkers,t:lag,FALSE,list,"Norra Roslags domsaga, 34,437 inv., omfattar 2 t:lag: Frösåkers t:lag, tingsst. östhammar; Väddö o. Närdinghundra t:lag. tingsst. Häverösund. — 1,600 kr. tjpgr. Ringenson, Johan Albert Teodor, RNO, f. 57; (96) 11 (adr. östhammar)."
1925,https://runeberg.org/statskal/1925/0169.html,169,Svea,Stockholms,1,Norra Roslags domsaga,domsaga,,Väddö o. Närdinghundra,t:lag,FALSE,list,"Norra Roslags domsaga, 34,437 inv., omfattar 2 t:lag: Frösåkers t:lag, tingsst. östhammar; Väddö o. Närdinghundra t:lag. tingsst. Häverösund. — 1,600 kr. tjpgr. Ringenson, Johan Albert Teodor, RNO, f. 57; (96) 11 (adr. östhammar)."
1925,https://runeberg.org/statskal/1925/0169.html,169,Svea,Stockholms,2,Mellersta Roslags domsaga,domsaga,,Mellersta Roslags,,FALSE,name,"Mellersta Roslags domsaga, 22,573 inv., utgör 1 t:lag, tingsst. Norrtälje. — 700 kr. tjpgr. Löfgren, Ernst August, KV02kl, RNO, f. 64; 04 (adr. Norrtälje)."
1925,https://runeberg.org/statskal/1925/0169.html,169,Svea,Stockholms,3,Stockholms läns västra domsaga,domsaga,,Stockholms läns västra,,FALSE,name,"Stockholms läns västra domsaga, 22,308 inv., utgör 1 t:lag, tingsst. Stockholm. — 1,400 kr. tjpgr. Borell, Karl Gustaf Theodor, fd. Rev.sekret., KV02kJ, RNO, f. 69; 16 (adr. Stockholm)."
1925,https://runeberg.org/statskal/1925/0169.html,169,Svea,Stockholms,4,Södra Roslags domsaga,domsaga,,Södra Roslags,,FALSE,name,"Södra Roslags domsaga, 64,273 inv., utgör 1 t:lag, tingsst. vid Haga. — 1,400 kr. tjpgr. Wisén, Yngve Georg, J. K., fd. Rev.sekret., RNO, t. 73; 22 (adr. Stockholm)."
1925,https://runeberg.org/statskal/1925/0169.html,169,Svea,Stockholms,5,Sollentuna och Färentuna härads domsaga,domsaga,,Sollentuna,,FALSE,name,"Sollentuna och Färentuna härads domsaga, 33,237 inv., utgör 1 t:lag, tingsst. vid Haga. — 1,000 kr. tjpgr. Ridderstad Carl Soldan, RNO, f. 70; (12) 22 (adr. Stockholm)."
1925,https://runeberg.org/statskal/1925/0169.html,169,Svea,Stockholms,5,Sollentuna och Färentuna härads domsaga,domsaga,,Färentuna,,FALSE,name,"Sollentuna och Färentuna härads domsaga, 33,237 inv., utgör 1 t:lag, tingsst. vid Haga. — 1,000 kr. tjpgr. Ridderstad Carl Soldan, RNO, f. 70; (12) 22 (adr. Stockholm)."
1925,https://runeberg.org/statskal/1925/0169.html,169,Svea,Stockholms,6,Södertörns domsaga,domsaga,,Svartlösa o. öknebo,t:lag,FALSE,list,"Södertörns domsaga, 53,337 inv., omfattar 2 t:lag: Svartlösa o. öknebo t:lag; Sotholms h:d, tingsst. för båda: Stockholm. — 1,400 kr. tjpgr. Bergelmer, Einar Per Mauritz, J. K., fd. Hovrättsråd, RNO, f. 70; 11 (adr. Stockholm)."
1925,https://runeberg.org/statskal/1925/0169.html,169,Svea,Stockholms,6,Södertörns domsaga,domsaga,,Sotholms,h:d,FALSE,list,"Södertörns domsaga, 53,337 inv., omfattar 2 t:lag: Svartlösa o. öknebo t:lag; Sotholms h:d, tingsst. för båda: Stockholm. — 1,400 kr. tjpgr. Bergelmer, Einar Per Mauritz, J. K., fd. Hovrättsråd, RNO, f. 70; 11 (adr. Stockholm)."
1925,https://runeberg.org/statskal/1925/0169.html,169,Svea,Uppsala,7,Uppsala läns södra domsaga,domsaga,,Uppsala läns södra,,FALSE,name,"Uppsala läns södra domsaga, 21,267 inv., utgör 1 t:lag, tingsst. Enköping. — 1,200 kr. tjpgr. Vakant, (tf. domhts adr. Enköping)."
1925,https://runeberg.org/statskal/1925/0169.html,169,Svea,Uppsala,8,Uppsala läns mellersta domsaga,domsaga,,Tiunda,t:lagt,FALSE,list,"Uppsala läns mellersta domsaga, 27,811 inv., omfattar 2 t:lag: Tiunda t:lagt tingsst. Uppsala; Lagunda h:d, tingsst. örsundsbro. — 1,400 kr. tjpgr. Olivecrona, Knut Axel Gustaf, J. K., RNO, f. 60; 00 (adr. Uppsala)."
1925,https://runeberg.org/statskal/1925/0169.html,169,Svea,Uppsala,8,Uppsala läns mellersta domsaga,domsaga,,Lagunda,h:d,FALSE,list,"Uppsala läns mellersta domsaga, 27,811 inv., omfattar 2 t:lag: Tiunda t:lagt tingsst. Uppsala; Lagunda h:d, tingsst. örsundsbro. — 1,400 kr. tjpgr. Olivecrona, Knut Axel Gustaf, J. K., RNO, f. 60; 00 (adr. Uppsala)."
1925,https://runeberg.org/statskal/1925/0169.html,169,Svea,Uppsala,9,Uppsala läns norra domsaga,domsaga,,Uppsala läns norra,,FALSE,name,"Uppsala läns norra domsaga, 55,055 inv., utgör 1 t:lag, tingsst. örbyhus. — 2,000 kr. tjpgr och 300 kr. förvaltn.bidrag. Edling, Nils Gustaf Sebastian, J. K., fd. Rev.sekret., RNO, f. 80; 19 (adr. Uppsala)."
1925,https://runeberg.org/statskal/1925/0169.html,169,Svea,Södermanlands,10,Nyköpings domsaga,domsaga,,Rönö o. Hölebo,t:lag,FALSE,list,"Nyköpings domsaga, 47,905 inv., omfattar 2 t:lag: fönàkers, Rönö o. Hölebo h:ds t:lag, tingsst. Nyköping; Daga h:d, tingsst. Gnesta. — 1,200 kr. tjpgr och 200 kr. förvaltn.bidrag. Rudling, Tage Germund, RNO, f. 59; 00 (adr. Nyköping)."
1925,https://runeberg.org/statskal/1925/0169.html,169,Svea,Södermanlands,10,Nyköpings domsaga,domsaga,,Daga,h:d,FALSE,list,"Nyköpings domsaga, 47,905 inv., omfattar 2 t:lag: fönàkers, Rönö o. Hölebo h:ds t:lag, tingsst. Nyköping; Daga h:d, tingsst. Gnesta. — 1,200 kr. tjpgr och 200 kr. förvaltn.bidrag. Rudling, Tage Germund, RNO, f. 59; 00 (adr. Nyköping)."
1925,https://runeberg.org/statskal/1925/0169.html,169,Svea,Södermanlands,11,Oppunda och Villåttinge härads domsaga,domsaga,,Oppunda,t:lag,FALSE,list,"Oppunda och Villåttinge härads domsaga, 55,282 inv., omfattar 2 t:lag: Oppunda t:lag, tingsst. Katrineholm; Villåttinge h:d, tingsst. Malmköping. — 1,300 kr. tjpgr och 200 kr. förvaltn.bidrag. HagstPömer, Erik Jakob, J. K., RNO, f. 64; 02 (adr. Katrineholm). Livgedingets domsaga, \ 38,414 in v., omf"
1925,https://runeberg.org/statskal/1925/0169.html,169,Svea,Södermanlands,11,Oppunda och Villåttinge härads domsaga,domsaga,,Villåttinge,h:d,FALSE,list,"Oppunda och Villåttinge härads domsaga, 55,282 inv., omfattar 2 t:lag: Oppunda t:lag, tingsst. Katrineholm; Villåttinge h:d, tingsst. Malmköping. — 1,300 kr. tjpgr och 200 kr. förvaltn.bidrag. HagstPömer, Erik Jakob, J. K., RNO, f. 64; 02 (adr. Katrineholm). Livgedingets domsaga, \ 38,414 in v., omf"
1925,https://runeberg.org/statskal/1925/0170.html,170,Svea,Gotlands,12,Gotlands södra domsaga,domsaga,,Gotlands södra,,FALSE,name,"Gotlands södra domsaga, 22,744 inv., utgör 1 t-.lag, tingsst. Skogs. — 600 kr. tjpgr. Krok, Hugo, J. K., f. 74; 20 (adr. Visby)."
1925,https://runeberg.org/statskal/1925/0170.html,170,Svea,Värmlands,13,Östersysslets domsaga,domsaga,,Färnebo,h:d,FALSE,list,"Östersysslets domsaga, 37,109 inv., omfattar 2 t:lag: Färnebo h:d, tingsst. Filipstad; ölme, Visnums o. Vase h:ds t:lag, tingsst. Kristinehamn. — 2,100 kr. tjpgr och 500 kr. förvaltn.bidrag. v§n Knwring, Lars Johan, RNO, f. 67; 11 (adr. Kristinehamn). Mellansysslets domsaga* 43,984 inv., utgör 1 t:l"
1925,https://runeberg.org/statskal/1925/0170.html,170,Svea,Värmlands,13,Östersysslets domsaga,domsaga,,Visnums o. Vase,t:lag,FALSE,list,"Östersysslets domsaga, 37,109 inv., omfattar 2 t:lag: Färnebo h:d, tingsst. Filipstad; ölme, Visnums o. Vase h:ds t:lag, tingsst. Kristinehamn. — 2,100 kr. tjpgr och 500 kr. förvaltn.bidrag. v§n Knwring, Lars Johan, RNO, f. 67; 11 (adr. Kristinehamn). Mellansysslets domsaga* 43,984 inv., utgör 1 t:l"
1925,https://runeberg.org/statskal/1925/0170.html,170,Svea,Värmlands,14,Södersysslets domsaga,domsaga,,Näs,h:d,FALSE,list,"Södersysslets domsaga, 26.843 inv., omfattar 2 t:lag: Näs h:d, tingsst. Säffle; Gillbergs h:d, tingsst. Häljebol. — 1,700 kr. tjpgr och 200 kr. förvaltn.bidrag. Wistrand, Carl Otto Herman, RNO, f. 69; 08 (adr. Säffle)."
1925,https://runeberg.org/statskal/1925/0170.html,170,Svea,Värmlands,14,Södersysslets domsaga,domsaga,,Gillbergs,h:d,FALSE,list,"Södersysslets domsaga, 26.843 inv., omfattar 2 t:lag: Näs h:d, tingsst. Säffle; Gillbergs h:d, tingsst. Häljebol. — 1,700 kr. tjpgr och 200 kr. förvaltn.bidrag. Wistrand, Carl Otto Herman, RNO, f. 69; 08 (adr. Säffle)."
1925,https://runeberg.org/statskal/1925/0170.html,170,Svea,Värmlands,15,Nordmarks domsaga,domsaga,,Nordmarks,,FALSE,name,"Nordmarks domsaga, 18,695 inv., utgör 1 t:lag, tingsst. Långelanda. — 2,100 kr. tjpgr och 200 kr. förvaltn.bidrag. Wijkmark, Birger Carl Otto, J. K., f. 76; 17 (adr. Arvika)."
1925,https://runeberg.org/statskal/1925/0170.html,170,Svea,Värmlands,16,Jösse domsaga,domsaga,,Jösse,,FALSE,name,"Jösse domsaga, 34,598 inv., utgör 1 t:lag, tingsst. Arvika. — 1,300 kr. tjpgr. Rogstadius, Wilhelm Gustaf Mårten, J. K., RNO, f. 66; 08 (adr. Arvika)."
1925,https://runeberg.org/statskal/1925/0170.html,170,Svea,Värmlands,17,Fryksdals domsaga,domsaga,,Fryksdals nedre,t:lag,FALSE,list,"Fryksdals domsaga, 34,791 inv., omfattar 2 t:lag: Fryksdals nedre t:lag, tingsst. Ämberg; Fryksdals övre t:lag, tingsst. Torsby. — 2,500 kr. tjpgr. von Sydow, Ernst Fredrik Nicolaus, J. K., fd. Hovrättsråd, KN02kl, f. 59; 02 (adr. Sunne)."
1925,https://runeberg.org/statskal/1925/0170.html,170,Svea,Värmlands,17,Fryksdals domsaga,domsaga,,Fryksdals övre,t:lag,FALSE,list,"Fryksdals domsaga, 34,791 inv., omfattar 2 t:lag: Fryksdals nedre t:lag, tingsst. Ämberg; Fryksdals övre t:lag, tingsst. Torsby. — 2,500 kr. tjpgr. von Sydow, Ernst Fredrik Nicolaus, J. K., fd. Hovrättsråd, KN02kl, f. 59; 02 (adr. Sunne)."
1925,https://runeberg.org/statskal/1925/0170.html,170,Svea,Värmlands,18,Älvdals och Ny eds domsaga,domsaga,,Älvdals övre t:lagf,,FALSE,list,"Älvdals och Ny eds domsaga, 37,484 inv., omfattar 3 t:lag: Älvdals övre t:lagf tingsst. Likenäs; Älvdals nedre t:lag, tingsst. Råda; Nyeds h:d9 tingsst. Molkom. — 3,400 kr. tjpgr och 1,000 kr. förvaltn.bidrag. Nilsson, Karl Torsten, J. K., f. 77; 20 (adr. Karlstad)."
1925,https://runeberg.org/statskal/1925/0170.html,170,Svea,Värmlands,18,Älvdals och Ny eds domsaga,domsaga,,Älvdals nedre,t:lag,FALSE,list,"Älvdals och Ny eds domsaga, 37,484 inv., omfattar 3 t:lag: Älvdals övre t:lagf tingsst. Likenäs; Älvdals nedre t:lag, tingsst. Råda; Nyeds h:d9 tingsst. Molkom. — 3,400 kr. tjpgr och 1,000 kr. förvaltn.bidrag. Nilsson, Karl Torsten, J. K., f. 77; 20 (adr. Karlstad)."
1925,https://runeberg.org/statskal/1925/0170.html,170,Svea,Värmlands,18,Älvdals och Ny eds domsaga,domsaga,,Nyeds h:d9,,FALSE,list,"Älvdals och Ny eds domsaga, 37,484 inv., omfattar 3 t:lag: Älvdals övre t:lagf tingsst. Likenäs; Älvdals nedre t:lag, tingsst. Råda; Nyeds h:d9 tingsst. Molkom. — 3,400 kr. tjpgr och 1,000 kr. förvaltn.bidrag. Nilsson, Karl Torsten, J. K., f. 77; 20 (adr. Karlstad)."
1925,https://runeberg.org/statskal/1925/0170.html,170,Svea,Örebro,19,Östernärkes domsaga,domsaga,,Glanshammars o. Örebro,t:lag,FALSE,list,"Östernärkes domsaga, 47,666 inv., omfattar 2 t:lag: Glanshammars o. Örebro h:ds t:lag, tingsst. Örebro; Askers o. Sköllersta h:ds t:lag> tingsst. Sköllersta. — 1,500 kr. tjpgr. Lindquist, Gustaf Johan August, Krigsdomare, RNO, f. 68; 10 (adr. Örebro)."
1925,https://runeberg.org/statskal/1925/0170.html,170,Svea,Örebro,19,Östernärkes domsaga,domsaga,,Askers o. Sköllersta h:ds t:lag>,,FALSE,list,"Östernärkes domsaga, 47,666 inv., omfattar 2 t:lag: Glanshammars o. Örebro h:ds t:lag, tingsst. Örebro; Askers o. Sköllersta h:ds t:lag> tingsst. Sköllersta. — 1,500 kr. tjpgr. Lindquist, Gustaf Johan August, Krigsdomare, RNO, f. 68; 10 (adr. Örebro)."
1925,https://runeberg.org/statskal/1925/0170.html,170,Svea,Örebro,20,Västernärkes domsaga,domsaga,,Sundbo,h:dt,FALSE,list,"Västernärkes domsaga, 53,996 inv., omfattar 3 t:lag: Sundbo h:dt tingsst. Askersund; Rumla, Grimstens o. Hardemo h:ds t:lag, tingsst. Hallsberg; Edsbergs h:d, tingsst. Fjugesta. — 2,200 kr. tjpgr och 300 kr. förvaltn.bidrag. Hamilton, Hugo Alexander Henning, Greve, J. K., fd. Rev.sekret., tf. Vatten"
1925,https://runeberg.org/statskal/1925/0170.html,170,Svea,Örebro,20,Västernärkes domsaga,domsaga,,Rumla,,FALSE,list,"Västernärkes domsaga, 53,996 inv., omfattar 3 t:lag: Sundbo h:dt tingsst. Askersund; Rumla, Grimstens o. Hardemo h:ds t:lag, tingsst. Hallsberg; Edsbergs h:d, tingsst. Fjugesta. — 2,200 kr. tjpgr och 300 kr. förvaltn.bidrag. Hamilton, Hugo Alexander Henning, Greve, J. K., fd. Rev.sekret., tf. Vatten"
1925,https://runeberg.org/statskal/1925/0170.html,170,Svea,Örebro,20,Västernärkes domsaga,domsaga,,Grimstens o. Hardemo,t:lag,FALSE,list,"Västernärkes domsaga, 53,996 inv., omfattar 3 t:lag: Sundbo h:dt tingsst. Askersund; Rumla, Grimstens o. Hardemo h:ds t:lag, tingsst. Hallsberg; Edsbergs h:d, tingsst. Fjugesta. — 2,200 kr. tjpgr och 300 kr. förvaltn.bidrag. Hamilton, Hugo Alexander Henning, Greve, J. K., fd. Rev.sekret., tf. Vatten"
1925,https://runeberg.org/statskal/1925/0170.html,170,Svea,Örebro,20,Västernärkes domsaga,domsaga,,Edsbergs,h:d,FALSE,list,"Västernärkes domsaga, 53,996 inv., omfattar 3 t:lag: Sundbo h:dt tingsst. Askersund; Rumla, Grimstens o. Hardemo h:ds t:lag, tingsst. Hallsberg; Edsbergs h:d, tingsst. Fjugesta. — 2,200 kr. tjpgr och 300 kr. förvaltn.bidrag. Hamilton, Hugo Alexander Henning, Greve, J. K., fd. Rev.sekret., tf. Vatten"
1925,https://runeberg.org/statskal/1925/0170.html,170,Svea,Örebro,21,Nora domsaga,domsaga,,Nora,t:lag,FALSE,list,"Nora domsaga, 39,916 inv., omfattar 2 t:lag: Nora t:lag, tingsst. Nora; Karlskoga h:d, tingsst. Karls- . hall. — 1,800 kr. tjpgr. Zetterstrand, Björn Ragnar, J. K., f. 83; 24 (adr. Nora)."
1925,https://runeberg.org/statskal/1925/0170.html,170,Svea,Örebro,21,Nora domsaga,domsaga,,Karlskoga,h:d,FALSE,list,"Nora domsaga, 39,916 inv., omfattar 2 t:lag: Nora t:lag, tingsst. Nora; Karlskoga h:d, tingsst. Karls- . hall. — 1,800 kr. tjpgr. Zetterstrand, Björn Ragnar, J. K., f. 83; 24 (adr. Nora)."
1925,https://runeberg.org/statskal/1925/0170.html,170,Svea,Örebro,22,Lindes domsaga,domsaga,,Lindes,,FALSE,name,"Lindes domsaga, 37,245 inv., utgör 1 t:lag, tingsst. Lindesberg. — 1,500 kr. tjpgr. Andersson, Karl Gustaf, f. 70; 18 (adr. Lindesberg)."
1925,https://runeberg.org/statskal/1925/0170.html,170,Svea,Västmanlands,23,Västmanlands södra domsaga,domsaga,,Snevringe,h:d,FALSE,list,"Västmanlands södra domsaga, 30,379 inv., omfattar 2 t:lag: Snevringe h:d, tingsst. Kolbäck; Tuhundra, Siende o. Yttertjurbo h:ds t:lag, tingsst. Västerås. — 1,000 kr. tjpgr. Malmström, Albert Birger, J. K., RNO, f. 66; (13) 22 (adr. Västerås). täradshövdingar. [216—217]"
1925,https://runeberg.org/statskal/1925/0170.html,170,Svea,Västmanlands,23,Västmanlands södra domsaga,domsaga,,Tuhundra,,FALSE,list,"Västmanlands södra domsaga, 30,379 inv., omfattar 2 t:lag: Snevringe h:d, tingsst. Kolbäck; Tuhundra, Siende o. Yttertjurbo h:ds t:lag, tingsst. Västerås. — 1,000 kr. tjpgr. Malmström, Albert Birger, J. K., RNO, f. 66; (13) 22 (adr. Västerås). täradshövdingar. [216—217]"
1925,https://runeberg.org/statskal/1925/0170.html,170,Svea,Västmanlands,23,Västmanlands södra domsaga,domsaga,,Siende o. Yttertjurbo,t:lag,FALSE,list,"Västmanlands södra domsaga, 30,379 inv., omfattar 2 t:lag: Snevringe h:d, tingsst. Kolbäck; Tuhundra, Siende o. Yttertjurbo h:ds t:lag, tingsst. Västerås. — 1,000 kr. tjpgr. Malmström, Albert Birger, J. K., RNO, f. 66; (13) 22 (adr. Västerås). täradshövdingar. [216—217]"
1925,https://runeberg.org/statskal/1925/0171.html,171,Svea,Västmanlands,24,Domsagor och h Västmanlands västra domsaga,domsaga,,Domsagor,,FALSE,name,"Domsagor och h Västmanlands västra domsaga, 25,463 inv., utgör 1 t:lag, tingsst. Köping. — 1,000 kr. tjpgr. Wallin, Johan Olof Clarus, J. K„ RNO, f. 60; 00 (adr. Köping)."
1925,https://runeberg.org/statskal/1925/0171.html,171,Svea,Västmanlands,25,Västmanlands norra domsaga,domsaga,,Norrbo,h:d,FALSE,list,"Västmanlands norra domsaga, 28,181 inv., omfattar 2 t:lag: Norrbo h:d, tingsst. Västerås; Gamla Norbergs o. Vagnsbro h:ds t:lagt tingsst. Norbergs by. — 1,000 kr. tjpgr. Nordenström, Carl, RNO, f. 57; (97) 13 (adr. Västerås)."
1925,https://runeberg.org/statskal/1925/0171.html,171,Svea,Västmanlands,25,Västmanlands norra domsaga,domsaga,,Gamla Norbergs o. Vagnsbro,t:lagt,FALSE,list,"Västmanlands norra domsaga, 28,181 inv., omfattar 2 t:lag: Norrbo h:d, tingsst. Västerås; Gamla Norbergs o. Vagnsbro h:ds t:lagt tingsst. Norbergs by. — 1,000 kr. tjpgr. Nordenström, Carl, RNO, f. 57; (97) 13 (adr. Västerås)."
1925,https://runeberg.org/statskal/1925/0171.html,171,Svea,Västmanlands,26,Västmanlands östra domsaga,domsaga,,Västmanlands östra,,FALSE,name,"Västmanlands östra domsaga, 34,330 inv., utgör 1 t:lag, tingsst. Heby. — 1,500 kr. tjpgr. Wetteriing, Gustaf Anton, KV02kl, RNO, f. 59; 02 (adr. Sala)."
1925,https://runeberg.org/statskal/1925/0171.html,171,Svea,Kopparbergs,27,Falu domsaga,domsaga,,Norra i:\aget,,FALSE,list,"Falu domsaga, 53,046 inv., omfattar 2 t:lag: Norra i:\aget, tingsst. Falun; Södra t:laget, tingsst. Borlänge. — 1,500 kr. tjpgr. Alinder, Ernst Laurentius, RNO, f. 67; 08 (adr. Falun)."
1925,https://runeberg.org/statskal/1925/0171.html,171,Svea,Kopparbergs,27,Falu domsaga,domsaga,,Södra,t:laget,FALSE,list,"Falu domsaga, 53,046 inv., omfattar 2 t:lag: Norra i:\aget, tingsst. Falun; Södra t:laget, tingsst. Borlänge. — 1,500 kr. tjpgr. Alinder, Ernst Laurentius, RNO, f. 67; 08 (adr. Falun)."
1925,https://runeberg.org/statskal/1925/0171.html,171,Svea,Kopparbergs,28,Hedemora domsaga,domsaga,,F ölkar e,h:d,FALSE,list,"Hedemora domsaga, 42,613 inv., omfattar 2 t:lag: F ölkar e h:d, tingsst. i Krylbo; Hedemora t:lag, tingsst. Hedemora. — 1,600 kr. tjpgr. Ehren krona, Samuel Erik Philip, Frih., RNO, f. 62; (01) 21 (adr. Hedemora)."
1925,https://runeberg.org/statskal/1925/0171.html,171,Svea,Kopparbergs,28,Hedemora domsaga,domsaga,,Hedemora,t:lag,FALSE,list,"Hedemora domsaga, 42,613 inv., omfattar 2 t:lag: F ölkar e h:d, tingsst. i Krylbo; Hedemora t:lag, tingsst. Hedemora. — 1,600 kr. tjpgr. Ehren krona, Samuel Erik Philip, Frih., RNO, f. 62; (01) 21 (adr. Hedemora)."
1925,https://runeberg.org/statskal/1925/0171.html,171,Svea,Kopparbergs,29,Västerbergslags domsaga,domsaga,,Västerbergslags,,FALSE,name,"Västerbergslags domsaga, 35,350 inv., utgör 1 t:lag, tingsst. Ludvika. — 1,600 kr. tjpgr. Grenander, Ernst Magnus, J. K., RNO, f. 56; 01 (adr. Smedjebacken)."
1925,https://runeberg.org/statskal/1925/0171.html,171,Svea,Kopparbergs,30,Näs och Malungs domsaga,domsaga,,Nås idag,,FALSE,list,"Näs och Malungs domsaga, 29,263 inv., omfattar 2 t:lag: Nås idag, tingsst. Nås; Malungs t:lagt tingsst. vid Malungs kyrka. — 1,800 kr. tjpgr. Dahl, Emil Robert, J. K., f. 80; 21 (adr. Malung)."
1925,https://runeberg.org/statskal/1925/0171.html,171,Svea,Kopparbergs,30,Näs och Malungs domsaga,domsaga,,Malungs,t:lagt,FALSE,list,"Näs och Malungs domsaga, 29,263 inv., omfattar 2 t:lag: Nås idag, tingsst. Nås; Malungs t:lagt tingsst. vid Malungs kyrka. — 1,800 kr. tjpgr. Dahl, Emil Robert, J. K., f. 80; 21 (adr. Malung)."
1925,https://runeberg.org/statskal/1925/0171.html,171,Svea,Kopparbergs,31,Nedansiljans domsaga,domsaga,,Leksands och Gagnefs,t:lag,FALSE,list,"Nedansiljans domsaga, 41,880 inv., omfattar 2 t:lag: Leksands och Gagnefs t:lag, tingsst. Leksand; Rättviks t:lag, tingsst. Rättvik. — 1,800 kr. tjpgr och 400 kr. förvaltn.bidrag. Anrep, Carl Wilhelm, J. K., RNO, f. 69; 13 (adr. Leksand)."
1925,https://runeberg.org/statskal/1925/0171.html,171,Svea,Kopparbergs,31,Nedansiljans domsaga,domsaga,,Rättviks,t:lag,FALSE,list,"Nedansiljans domsaga, 41,880 inv., omfattar 2 t:lag: Leksands och Gagnefs t:lag, tingsst. Leksand; Rättviks t:lag, tingsst. Rättvik. — 1,800 kr. tjpgr och 400 kr. förvaltn.bidrag. Anrep, Carl Wilhelm, J. K., RNO, f. 69; 13 (adr. Leksand)."
1925,https://runeberg.org/statskal/1925/0171.html,171,Svea,Kopparbergs,32,Ovansiljans domsaga,domsaga,,Mora t:lagf,,FALSE,list,"Ovansiljans domsaga, 34,731 inv., omfattar 4 t:lag: Mora t:lagf tingsst. Morastrand; Orsa t:lag, tingsst. Orsa; Älvdals t:lag, tingsst. Älvdalen; Sårna o. Idre t:lag, tingsst. Särna. — 1,600 kr. tjpgr och 600 kr. förvaltn.bidrag. Hartman, Carl Henrik Eugen, RNO, f. 66; 08 (adr. Orsa)."
1925,https://runeberg.org/statskal/1925/0171.html,171,Svea,Kopparbergs,32,Ovansiljans domsaga,domsaga,,Orsa,t:lag,FALSE,list,"Ovansiljans domsaga, 34,731 inv., omfattar 4 t:lag: Mora t:lagf tingsst. Morastrand; Orsa t:lag, tingsst. Orsa; Älvdals t:lag, tingsst. Älvdalen; Sårna o. Idre t:lag, tingsst. Särna. — 1,600 kr. tjpgr och 600 kr. förvaltn.bidrag. Hartman, Carl Henrik Eugen, RNO, f. 66; 08 (adr. Orsa)."
1925,https://runeberg.org/statskal/1925/0171.html,171,Svea,Kopparbergs,32,Ovansiljans domsaga,domsaga,,Älvdals,t:lag,FALSE,list,"Ovansiljans domsaga, 34,731 inv., omfattar 4 t:lag: Mora t:lagf tingsst. Morastrand; Orsa t:lag, tingsst. Orsa; Älvdals t:lag, tingsst. Älvdalen; Sårna o. Idre t:lag, tingsst. Särna. — 1,600 kr. tjpgr och 600 kr. förvaltn.bidrag. Hartman, Carl Henrik Eugen, RNO, f. 66; 08 (adr. Orsa)."
1925,https://runeberg.org/statskal/1925/0171.html,171,Svea,Kopparbergs,32,Ovansiljans domsaga,domsaga,,Sårna o. Idre,t:lag,FALSE,list,"Ovansiljans domsaga, 34,731 inv., omfattar 4 t:lag: Mora t:lagf tingsst. Morastrand; Orsa t:lag, tingsst. Orsa; Älvdals t:lag, tingsst. Älvdalen; Sårna o. Idre t:lag, tingsst. Särna. — 1,600 kr. tjpgr och 600 kr. förvaltn.bidrag. Hartman, Carl Henrik Eugen, RNO, f. 66; 08 (adr. Orsa)."
1925,https://runeberg.org/statskal/1925/0171.html,171,Svea,Gävleborgs,33,Gästriklands östra domsaga,domsaga,,Gästriklands östra,,FALSE,name,"Gästriklands östra domsaga, 40.476 inv., utgör 1 t:lag, tingsst. Gävle. — 1,500 kr. tjpgr. Krook, Otto Daniel, RNO, f. 70; (12) 20 (adr. Gävle)."
1925,https://runeberg.org/statskal/1925/0171.html,171,Svea,Gävleborgs,34,Gästriklands västra domsaga,domsaga,,Gästriklands västra,,FALSE,name,"Gästriklands västra domsaga, 30,907 inv., utgör 1 t:lag, tingsst. Storvik. — 1,500 kr. tjpgr. Grönhagen, Karl Gustaf Ragnar, J. K., f. 78; 20 (adr. Storvik)."
1925,https://runeberg.org/statskal/1925/0171.html,171,Svea,Gävleborgs,35,Bollnäs domsaga,domsaga,,Bollnäs,,FALSE,name,"Bollnäs domsaga, 36,629 inv., utgör 1 t:lag, tingsst. Bollnäs. — 1,500 kr. tjpgr. Gröning, Per Gustaf, J. K., RNO, f. 61; 06 (adr. Bollnäs)."
1925,https://runeberg.org/statskal/1925/0171.html,171,Svea,Gävleborgs,36,Sydöstra Hälsinglands domsaga,domsaga,,Ala,t:lag,FALSE,list,"Sydöstra Hälsinglands domsaga, 32,654 inv., omfattar 2 t:lag: Ala t:lag, tingsst. Söderala; Enángers t:lag, tingsst. Enånger o. Lugnet. —1,600 kr. tjpgr. WIekström, August Herman, f. 81; 24 (adr. Söderhamn)."
1925,https://runeberg.org/statskal/1925/0171.html,171,Svea,Gävleborgs,36,Sydöstra Hälsinglands domsaga,domsaga,,Enángers,t:lag,FALSE,list,"Sydöstra Hälsinglands domsaga, 32,654 inv., omfattar 2 t:lag: Ala t:lag, tingsst. Söderala; Enángers t:lag, tingsst. Enånger o. Lugnet. —1,600 kr. tjpgr. WIekström, August Herman, f. 81; 24 (adr. Söderhamn)."
1925,https://runeberg.org/statskal/1925/0171.html,171,Svea,Gävleborgs,37,Norra Hälsinglands domsaga,domsaga,,Delsbo Ulag,,FALSE,list,"Norra Hälsinglands domsaga, 38,105 inv., omfattar 2 t:lag: Delsbo Ulag, tingsst. Ede; Bergsjö o. Forsa t:lag, tingsst. Hudiksvall. — 1,800 kr. tjpgr. Wihlborg, Nils, J. K., fd. Rcv.sekret., RNO, f. 74; 12 (adr. Hudiksvall)."
1925,https://runeberg.org/statskal/1925/0171.html,171,Svea,Gävleborgs,37,Norra Hälsinglands domsaga,domsaga,,Bergsjö o. Forsa,t:lag,FALSE,list,"Norra Hälsinglands domsaga, 38,105 inv., omfattar 2 t:lag: Delsbo Ulag, tingsst. Ede; Bergsjö o. Forsa t:lag, tingsst. Hudiksvall. — 1,800 kr. tjpgr. Wihlborg, Nils, J. K., fd. Rcv.sekret., RNO, f. 74; 12 (adr. Hudiksvall)."
1925,https://runeberg.org/statskal/1925/0171.html,171,Svea,Gävleborgs,38,Västra Hälsinglands domsaga,domsaga,,Ljusdals,t:lag,FALSE,list,"Västra Hälsinglands domsaga, 37,603 inv., omfattar 2 t:lag: Ljusdals t:lag, tingsst. Ljusdal; Arbrd o. Järvsö t:lag, tingsst. Järvsö. — 1,700 kr. tjpgr. de Verdier, Lars Anders Olof, J. K., f. 83; 22 (adr. Ljusdal)."
1925,https://runeberg.org/statskal/1925/0171.html,171,Svea,Gävleborgs,38,Västra Hälsinglands domsaga,domsaga,,Arbrd o. Järvsö,t:lag,FALSE,list,"Västra Hälsinglands domsaga, 37,603 inv., omfattar 2 t:lag: Ljusdals t:lag, tingsst. Ljusdal; Arbrd o. Järvsö t:lag, tingsst. Järvsö. — 1,700 kr. tjpgr. de Verdier, Lars Anders Olof, J. K., f. 83; 22 (adr. Ljusdal)."
1925,https://runeberg.org/statskal/1925/0171.html,171,Svea,Västernorrlands,39,Medelpads västra domsaga,domsaga,,Medelpads västra,,FALSE,name,"Medelpads västra domsaga, 39,668 inv., utgör 1 t:lag, tingsst. Sundsvall. — 1,300 kr. tjpgr och 200 kr. förvaltn.bidrag. Swedborg, Herman Fredrik, fd. Hovrättsassessor, RNO, f. 65; 05 tji. (tf. domh:s adr. Sundsvall)."
1925,https://runeberg.org/statskal/1925/0171.html,171,Svea,Västernorrlands,40,Medelpads östra domsaga,domsaga,,Njurunda,,FALSE,list,"Medelpads östra domsaga, 52,947 inv., omfattar 2 t:lag: Njurunda, Sköns och Ljustorps t:lag, tingsst. Sundsvall; Indals t:lag, tingsst. Byn. — 1,200 kr. tjpgr och 400 kr. förvaltn.bidrag. Bengtsson, Carl Emanuel, J. K., tf. Vattenrättsdomare, RNO, f. 62; 01 (tf. Domh:s adr. Sundsvall)."
1925,https://runeberg.org/statskal/1925/0171.html,171,Svea,Västernorrlands,40,Medelpads östra domsaga,domsaga,,Sköns och Ljustorps,t:lag,FALSE,list,"Medelpads östra domsaga, 52,947 inv., omfattar 2 t:lag: Njurunda, Sköns och Ljustorps t:lag, tingsst. Sundsvall; Indals t:lag, tingsst. Byn. — 1,200 kr. tjpgr och 400 kr. förvaltn.bidrag. Bengtsson, Carl Emanuel, J. K., tf. Vattenrättsdomare, RNO, f. 62; 01 (tf. Domh:s adr. Sundsvall)."
1925,https://runeberg.org/statskal/1925/0171.html,171,Svea,Västernorrlands,40,Medelpads östra domsaga,domsaga,,Indals,t:lag,FALSE,list,"Medelpads östra domsaga, 52,947 inv., omfattar 2 t:lag: Njurunda, Sköns och Ljustorps t:lag, tingsst. Sundsvall; Indals t:lag, tingsst. Byn. — 1,200 kr. tjpgr och 400 kr. förvaltn.bidrag. Bengtsson, Carl Emanuel, J. K., tf. Vattenrättsdomare, RNO, f. 62; 01 (tf. Domh:s adr. Sundsvall)."
1925,https://runeberg.org/statskal/1925/0172.html,172,Svea,Västernorrlands,41,Ångermanlands södra domsaga,domsaga,,Ångermanlands södra,,FALSE,name,"Ångermanlands södra domsaga, 36,385 inv., utgör 1 t:lag, tingsst. Härnösand. — 1,500 kr. tjpgr. Ekbom, Knut Frans Oskar, RNO, f. 63; (00) 12 (adr Härnösand)."
1925,https://runeberg.org/statskal/1925/0172.html,172,Svea,Västernorrlands,42,Ångermanlands mellersta domsaga,domsaga,,Sollefteå,t:lag,FALSE,list,"Ångermanlands mellersta domsaga, 28,027 inv., omfattar 2 t:lag: Sollefteå t:lag, tingsst. Sollefteå; Boteå t:lag, tingsst. Nyland. — 1,400 kr. tjpgr. Hansson, Per, J. K., Vice krigsdomare, f. 84; 24 (adr. Sollefteå)."
1925,https://runeberg.org/statskal/1925/0172.html,172,Svea,Västernorrlands,42,Ångermanlands mellersta domsaga,domsaga,,Boteå,t:lag,FALSE,list,"Ångermanlands mellersta domsaga, 28,027 inv., omfattar 2 t:lag: Sollefteå t:lag, tingsst. Sollefteå; Boteå t:lag, tingsst. Nyland. — 1,400 kr. tjpgr. Hansson, Per, J. K., Vice krigsdomare, f. 84; 24 (adr. Sollefteå)."
1925,https://runeberg.org/statskal/1925/0172.html,172,Svea,Västernorrlands,43,Ångermanlands västra domsaga,domsaga,,Ramsele o. Resele,t:lag,FALSE,list,"Ångermanlands västra domsaga, 27,539 inv., omfattar 2 t:lag: Ramsele o. Resele t:lag, tingsst. Ramsele; Fjällsjö t:lag, tingsst. Backe. — 1,900 kr. tjpgr. Vakant (tf. domh:s adr. Sollefteå)."
1925,https://runeberg.org/statskal/1925/0172.html,172,Svea,Västernorrlands,43,Ångermanlands västra domsaga,domsaga,,Fjällsjö,t:lag,FALSE,list,"Ångermanlands västra domsaga, 27,539 inv., omfattar 2 t:lag: Ramsele o. Resele t:lag, tingsst. Ramsele; Fjällsjö t:lag, tingsst. Backe. — 1,900 kr. tjpgr. Vakant (tf. domh:s adr. Sollefteå)."
1925,https://runeberg.org/statskal/1925/0172.html,172,Svea,Västernorrlands,44,Nätra och Nordingrd domsaga,domsaga,,Nätra,t:lag,FALSE,list,"Nätra och Nordingrd domsaga, 26,396 inv., omfattar 2 t:lag: Nätra t:lag, tingsst. Mellansel; Nordingrd t:lag, tingsst. Skidsta. — 1,100 kr. tjpgr. Skotte, Gustaf Adolf, RNO, f. 62; 00 (adr. Örnsköldsvik)."
1925,https://runeberg.org/statskal/1925/0172.html,172,Svea,Västernorrlands,44,Nätra och Nordingrd domsaga,domsaga,,Nordingrd,t:lag,FALSE,list,"Nätra och Nordingrd domsaga, 26,396 inv., omfattar 2 t:lag: Nätra t:lag, tingsst. Mellansel; Nordingrd t:lag, tingsst. Skidsta. — 1,100 kr. tjpgr. Skotte, Gustaf Adolf, RNO, f. 62; 00 (adr. Örnsköldsvik)."
1925,https://runeberg.org/statskal/1925/0172.html,172,Svea,Västernorrlands,45,Själevads och Arnäs domsaga,domsaga,,Själevads,,FALSE,name,"Själevads och Arnäs domsaga, 27,536 inv., utgör 1 t:lag, tingsst. Örnsköldsvik. — 1,300 kr. tjpgr. Hult, Anders Daniel, RNO, f. 67; 13 (adr. Örnsköldsvik)."
1925,https://runeberg.org/statskal/1925/0172.html,172,Svea,Västernorrlands,45,Själevads och Arnäs domsaga,domsaga,,Arnäs,,FALSE,name,"Själevads och Arnäs domsaga, 27,536 inv., utgör 1 t:lag, tingsst. Örnsköldsvik. — 1,300 kr. tjpgr. Hult, Anders Daniel, RNO, f. 67; 13 (adr. Örnsköldsvik)."
1925,https://runeberg.org/statskal/1925/0172.html,172,Svea,Jämtlands,46,Jämtlands östra domsaga,domsaga,,Ragunda tslag,,FALSE,list,"Jämtlands östra domsaga, 32,651 inv., omfattar 2 t:lag: Ragunda tslag, tingsst. Ragunda; Revsunds, Brunflo o. Näs t:lag, tingsst. Östersund. — 1,500 kr. tjpgr. Larsson, August Teodor, RNO, f. 68; 15 (adr. Östersund)."
1925,https://runeberg.org/statskal/1925/0172.html,172,Svea,Jämtlands,46,Jämtlands östra domsaga,domsaga,,Revsunds,,FALSE,list,"Jämtlands östra domsaga, 32,651 inv., omfattar 2 t:lag: Ragunda tslag, tingsst. Ragunda; Revsunds, Brunflo o. Näs t:lag, tingsst. Östersund. — 1,500 kr. tjpgr. Larsson, August Teodor, RNO, f. 68; 15 (adr. Östersund)."
1925,https://runeberg.org/statskal/1925/0172.html,172,Svea,Jämtlands,46,Jämtlands östra domsaga,domsaga,,Brunflo o. Näs,t:lag,FALSE,list,"Jämtlands östra domsaga, 32,651 inv., omfattar 2 t:lag: Ragunda tslag, tingsst. Ragunda; Revsunds, Brunflo o. Näs t:lag, tingsst. Östersund. — 1,500 kr. tjpgr. Larsson, August Teodor, RNO, f. 68; 15 (adr. Östersund)."
1925,https://runeberg.org/statskal/1925/0172.html,172,Svea,Jämtlands,47,Jämtlands norra domsaga,domsaga,,Hammerdals,t:lag,FALSE,list,"Jämtlands norra domsaga, 37,121 inv., omfattar 2 t:lag: Hammerdals t:lag, tingsst. Strömsund; Lits o. Rödöns t:lag, tingsst. Östersund. — 1,000 kr. tjpgr. Leijonhufvud, Erik Oskar Karlsson, Frih., J. K., RNO, f. 63; 04 (adr. Östersund)."
1925,https://runeberg.org/statskal/1925/0172.html,172,Svea,Jämtlands,47,Jämtlands norra domsaga,domsaga,,Lits o. Rödöns,t:lag,FALSE,list,"Jämtlands norra domsaga, 37,121 inv., omfattar 2 t:lag: Hammerdals t:lag, tingsst. Strömsund; Lits o. Rödöns t:lag, tingsst. Östersund. — 1,000 kr. tjpgr. Leijonhufvud, Erik Oskar Karlsson, Frih., J. K., RNO, f. 63; 04 (adr. Östersund)."
1925,https://runeberg.org/statskal/1925/0172.html,172,Svea,Jämtlands,48,Jämtlands västra domsaga,domsaga,,Undersåkers o. Offerdals t:lag%,,FALSE,list,"Jämtlands västra domsaga, 28,517 inv., omfattar 2 t:lag: Undersåkers o. Offerdals t:lag% tingsst. Mörsil; Sunne, Ovikens o. Hallens t:lag, tingsst. Östersund. — 1,000 kr. tjpgr. Sehough, Johan Otto, Fil. K., RNO, f. 62; (12) 23 (adr. Östersund). ie"
1925,https://runeberg.org/statskal/1925/0172.html,172,Svea,Jämtlands,48,Jämtlands västra domsaga,domsaga,,Sunne,,FALSE,list,"Jämtlands västra domsaga, 28,517 inv., omfattar 2 t:lag: Undersåkers o. Offerdals t:lag% tingsst. Mörsil; Sunne, Ovikens o. Hallens t:lag, tingsst. Östersund. — 1,000 kr. tjpgr. Sehough, Johan Otto, Fil. K., RNO, f. 62; (12) 23 (adr. Östersund). ie"
1925,https://runeberg.org/statskal/1925/0172.html,172,Svea,Jämtlands,48,Jämtlands västra domsaga,domsaga,,Ovikens o. Hallens,t:lag,FALSE,list,"Jämtlands västra domsaga, 28,517 inv., omfattar 2 t:lag: Undersåkers o. Offerdals t:lag% tingsst. Mörsil; Sunne, Ovikens o. Hallens t:lag, tingsst. Östersund. — 1,000 kr. tjpgr. Sehough, Johan Otto, Fil. K., RNO, f. 62; (12) 23 (adr. Östersund). ie"
1925,https://runeberg.org/statskal/1925/0172.html,172,Svea,Jämtlands,49,Härjedalens domsaga,domsaga,,Svegs idag,,FALSE,list,"Härjedalens domsaga, 23,157 inv., omfattar 3 t:lag: Svegs idag, j tingsst. Svegsmon; Hede t:lag, tingsst. Hede I kyrkoby; Bergs t:lag, tingsst. österåsen. — 1,000 kr. tjpgr och 200 kr. förvaltn.bidrag. Hummerhielm, Torsten Knutsson, Frih., J. K., fd. Hovrättsråd, f. 85; 23 (adr. Sveg)."
1925,https://runeberg.org/statskal/1925/0172.html,172,Svea,Jämtlands,49,Härjedalens domsaga,domsaga,,Hede,t:lag,FALSE,list,"Härjedalens domsaga, 23,157 inv., omfattar 3 t:lag: Svegs idag, j tingsst. Svegsmon; Hede t:lag, tingsst. Hede I kyrkoby; Bergs t:lag, tingsst. österåsen. — 1,000 kr. tjpgr och 200 kr. förvaltn.bidrag. Hummerhielm, Torsten Knutsson, Frih., J. K., fd. Hovrättsråd, f. 85; 23 (adr. Sveg)."
1925,https://runeberg.org/statskal/1925/0172.html,172,Svea,Jämtlands,49,Härjedalens domsaga,domsaga,,Bergs,t:lag,FALSE,list,"Härjedalens domsaga, 23,157 inv., omfattar 3 t:lag: Svegs idag, j tingsst. Svegsmon; Hede t:lag, tingsst. Hede I kyrkoby; Bergs t:lag, tingsst. österåsen. — 1,000 kr. tjpgr och 200 kr. förvaltn.bidrag. Hummerhielm, Torsten Knutsson, Frih., J. K., fd. Hovrättsråd, f. 85; 23 (adr. Sveg)."
1925,https://runeberg.org/statskal/1925/0172.html,172,Svea,Västerbottens,50,Umeå domsaga,domsaga,,Umeå,,FALSE,name,"Umeå domsaga, 29.365 inv., utgör 1 t:lag, tingsst. Umeå. — 1,500 kr. tjpgr. Kramer, Ingemar, J. K., f. 82; 20 (adr. Umeå)."
1925,https://runeberg.org/statskal/1925/0172.html,172,Svea,Västerbottens,51,Västerbottens södra domsaga,domsaga,,Nordmalings o. Bjurholms,t:lag,FALSE,list,"Västerbottens södra domsaga, 26,768 inv., omfattar 2 t:lag: Nordmalings o. Bjurholms t:lag, tingsst. Ny åker; Degerfors t:lag, tingsst. Degerfors kyrkoby. — 1,500 kr. tjpgr. Rönquist, Erik Jakob, J. K., f. 77; 20 (adr. Umeå)."
1925,https://runeberg.org/statskal/1925/0172.html,172,Svea,Västerbottens,51,Västerbottens södra domsaga,domsaga,,Degerfors,t:lag,FALSE,list,"Västerbottens södra domsaga, 26,768 inv., omfattar 2 t:lag: Nordmalings o. Bjurholms t:lag, tingsst. Ny åker; Degerfors t:lag, tingsst. Degerfors kyrkoby. — 1,500 kr. tjpgr. Rönquist, Erik Jakob, J. K., f. 77; 20 (adr. Umeå)."
1925,https://runeberg.org/statskal/1925/0172.html,172,Svea,Västerbottens,52,Västerbottens västra domsaga,domsaga,,Lycksele,t:lag,FALSE,list,"Västerbottens västra domsaga, 44,360 inv., omfattar 3 t:lag: Lycksele t:lag, tingsst. Lycksele; Åsele t:lag, tingsst. Åsele; Vilhelmina t:lag, tingsst. Viihelmina kyrkoby. — 1,100 kr. tjpgr och 500 kr. förvaltn.bidrag. Lilienberg, Carl Halvar Alexander, RNO, f. 68; 12 (adr. Lycksele)."
1925,https://runeberg.org/statskal/1925/0172.html,172,Svea,Västerbottens,52,Västerbottens västra domsaga,domsaga,,Åsele,t:lag,FALSE,list,"Västerbottens västra domsaga, 44,360 inv., omfattar 3 t:lag: Lycksele t:lag, tingsst. Lycksele; Åsele t:lag, tingsst. Åsele; Vilhelmina t:lag, tingsst. Viihelmina kyrkoby. — 1,100 kr. tjpgr och 500 kr. förvaltn.bidrag. Lilienberg, Carl Halvar Alexander, RNO, f. 68; 12 (adr. Lycksele)."
1925,https://runeberg.org/statskal/1925/0172.html,172,Svea,Västerbottens,52,Västerbottens västra domsaga,domsaga,,Vilhelmina,t:lag,FALSE,list,"Västerbottens västra domsaga, 44,360 inv., omfattar 3 t:lag: Lycksele t:lag, tingsst. Lycksele; Åsele t:lag, tingsst. Åsele; Vilhelmina t:lag, tingsst. Viihelmina kyrkoby. — 1,100 kr. tjpgr och 500 kr. förvaltn.bidrag. Lilienberg, Carl Halvar Alexander, RNO, f. 68; 12 (adr. Lycksele)."
1925,https://runeberg.org/statskal/1925/0172.html,172,Svea,Västerbottens,53,Västerbottens mellersta domsaga,domsaga,,Nysätra,t:lag,FALSE,list,"Västerbottens mellersta domsaga, 26,100 inv., omfattar 2 t:lag: Nysätra t:lag, tingsst. Nysätra; Burträsks t:lag, tingsst. Burträsk. — 1,200 kr. tjpgr. Vakant (tf. domh:s adr. Ånäset)."
1925,https://runeberg.org/statskal/1925/0172.html,172,Svea,Västerbottens,53,Västerbottens mellersta domsaga,domsaga,,Burträsks,t:lag,FALSE,list,"Västerbottens mellersta domsaga, 26,100 inv., omfattar 2 t:lag: Nysätra t:lag, tingsst. Nysätra; Burträsks t:lag, tingsst. Burträsk. — 1,200 kr. tjpgr. Vakant (tf. domh:s adr. Ånäset)."
1925,https://runeberg.org/statskal/1925/0172.html,172,Svea,Västerbottens,54,Västerbottens norra domsaga,domsaga,,Skellefteå,t:lag,FALSE,list,"Västerbottens norra domsaga, 52,384 inv., omfattar 2 t:lag: Skellefteå t:lag, tingsst. Skellefteå; Nörsjö o. Mala t:lag, tingsst. Norsjö. — 1,800 kr. tjpgr. Hedborg, Sven Axel Adrian, RNO, f. 61; 99 (adr. Skellefteå)."
1925,https://runeberg.org/statskal/1925/0172.html,172,Svea,Västerbottens,54,Västerbottens norra domsaga,domsaga,,Nörsjö o. Mala,t:lag,FALSE,list,"Västerbottens norra domsaga, 52,384 inv., omfattar 2 t:lag: Skellefteå t:lag, tingsst. Skellefteå; Nörsjö o. Mala t:lag, tingsst. Norsjö. — 1,800 kr. tjpgr. Hedborg, Sven Axel Adrian, RNO, f. 61; 99 (adr. Skellefteå)."
1925,https://runeberg.org/statskal/1925/0172.html,172,Svea,Norrbottens,55,Piteå domsaga,domsaga,,Piteå,t:lag,FALSE,list,"Piteå domsaga, 39,612 inv., omfattar 4 t:lag: Piteå t:lag, tingsst. Piteå gamla stad; Ålvsby t:lag, tingsst. Älvsby kyrkoby; Arvidsjaurs sockens t:lag% tingsst. Arvidsjaurs kyrkostad; Arjeplogs lappmarks t:lag, tingsst. Arjeplogs kyrkostad. — 1,000 kr. tjpgr och 500 kr. förvaltn.bidrag. Åberg, Harry"
1925,https://runeberg.org/statskal/1925/0172.html,172,Svea,Norrbottens,55,Piteå domsaga,domsaga,,Ålvsby,t:lag,FALSE,list,"Piteå domsaga, 39,612 inv., omfattar 4 t:lag: Piteå t:lag, tingsst. Piteå gamla stad; Ålvsby t:lag, tingsst. Älvsby kyrkoby; Arvidsjaurs sockens t:lag% tingsst. Arvidsjaurs kyrkostad; Arjeplogs lappmarks t:lag, tingsst. Arjeplogs kyrkostad. — 1,000 kr. tjpgr och 500 kr. förvaltn.bidrag. Åberg, Harry"
1925,https://runeberg.org/statskal/1925/0172.html,172,Svea,Norrbottens,55,Piteå domsaga,domsaga,,Arvidsjaurs sockens t:lag%,,FALSE,list,"Piteå domsaga, 39,612 inv., omfattar 4 t:lag: Piteå t:lag, tingsst. Piteå gamla stad; Ålvsby t:lag, tingsst. Älvsby kyrkoby; Arvidsjaurs sockens t:lag% tingsst. Arvidsjaurs kyrkostad; Arjeplogs lappmarks t:lag, tingsst. Arjeplogs kyrkostad. — 1,000 kr. tjpgr och 500 kr. förvaltn.bidrag. Åberg, Harry"
1925,https://runeberg.org/statskal/1925/0172.html,172,Svea,Norrbottens,55,Piteå domsaga,domsaga,,Arjeplogs,t:lag,FALSE,list,"Piteå domsaga, 39,612 inv., omfattar 4 t:lag: Piteå t:lag, tingsst. Piteå gamla stad; Ålvsby t:lag, tingsst. Älvsby kyrkoby; Arvidsjaurs sockens t:lag% tingsst. Arvidsjaurs kyrkostad; Arjeplogs lappmarks t:lag, tingsst. Arjeplogs kyrkostad. — 1,000 kr. tjpgr och 500 kr. förvaltn.bidrag. Åberg, Harry"
1925,https://runeberg.org/statskal/1925/0172.html,172,Svea,Norrbottens,56,Luleå domsaga,domsaga,,Nederluleå,t:lag,FALSE,list,"Luleå domsaga, 40,600 inv., omfattar 3 t:lag: överluleå t:lag, tingsst. Boden; Nederluleå t:lag, tingsst. Gam- [217—2l8] Domsagor och häradshövdingar. melstad; Jokkmokks lappmarks t:lag, tingsst. Jokkmokks kyrkostad. — 1,600 kr. tjpgr ocb 400 kr. förvaltn.bidrag. Johansson, Nils, J. o. Fil. K., RNO,"
1925,https://runeberg.org/statskal/1925/0172.html,172,Svea,Norrbottens,56,Luleå domsaga,domsaga,,Jokkmokks,t:lag,FALSE,list,"Luleå domsaga, 40,600 inv., omfattar 3 t:lag: överluleå t:lag, tingsst. Boden; Nederluleå t:lag, tingsst. Gam- [217—2l8] Domsagor och häradshövdingar. melstad; Jokkmokks lappmarks t:lag, tingsst. Jokkmokks kyrkostad. — 1,600 kr. tjpgr ocb 400 kr. förvaltn.bidrag. Johansson, Nils, J. o. Fil. K., RNO,"
1925,https://runeberg.org/statskal/1925/0173.html,173,Svea,Norrbottens,57,Kalix domsaga,domsaga,,Ráneà,t:lag,FALSE,list,"Kalix domsaga, 32,406 inv., omfattar 3 t:lag: Ráneà t:lag, tingsst. Ránbyn; överkalix t:lag, tingsst. Bränna; Nederkalix t:lag, tingsst. Kalix. — 2,100 kr. tjpgr och 100 kr. förvaltn.bidrag. Quennerstedt, Nils Hjalmar, j. K., tf. Vattenrättsdomare, RNO, f. 74; 16 (tf. domh:s adr. Kalix)."
1925,https://runeberg.org/statskal/1925/0173.html,173,Svea,Norrbottens,57,Kalix domsaga,domsaga,,Nederkalix,t:lag,FALSE,list,"Kalix domsaga, 32,406 inv., omfattar 3 t:lag: Ráneà t:lag, tingsst. Ránbyn; överkalix t:lag, tingsst. Bränna; Nederkalix t:lag, tingsst. Kalix. — 2,100 kr. tjpgr och 100 kr. förvaltn.bidrag. Quennerstedt, Nils Hjalmar, j. K., tf. Vattenrättsdomare, RNO, f. 74; 16 (tf. domh:s adr. Kalix)."
1925,https://runeberg.org/statskal/1925/0173.html,173,Svea,Norrbottens,58,Torned domsaga,domsaga,,Tomeà idag,,FALSE,list,"Torned domsaga, 26,605 inv., omfattar 3 t:lag: Tomeà idag, tingsst. Haparanda; Korpilombolo t:lag, tingsst. Korpilombolo kyrkoby; Pajala täag, tingsst. Pajala kyrkoby. — 2,100 kr. tjpgr och 800 kr. förvaltn.bidrag. Körlof, Anders Harald, J. K., f. 89; 23 (adr. Haparanda)."
1925,https://runeberg.org/statskal/1925/0173.html,173,Svea,Norrbottens,58,Torned domsaga,domsaga,,Korpilombolo,t:lag,FALSE,list,"Torned domsaga, 26,605 inv., omfattar 3 t:lag: Tomeà idag, tingsst. Haparanda; Korpilombolo t:lag, tingsst. Korpilombolo kyrkoby; Pajala täag, tingsst. Pajala kyrkoby. — 2,100 kr. tjpgr och 800 kr. förvaltn.bidrag. Körlof, Anders Harald, J. K., f. 89; 23 (adr. Haparanda)."
1925,https://runeberg.org/statskal/1925/0173.html,173,Svea,Norrbottens,58,Torned domsaga,domsaga,,Pajala täag,,FALSE,list,"Torned domsaga, 26,605 inv., omfattar 3 t:lag: Tomeà idag, tingsst. Haparanda; Korpilombolo t:lag, tingsst. Korpilombolo kyrkoby; Pajala täag, tingsst. Pajala kyrkoby. — 2,100 kr. tjpgr och 800 kr. förvaltn.bidrag. Körlof, Anders Harald, J. K., f. 89; 23 (adr. Haparanda)."
1925,https://runeberg.org/statskal/1925/0173.html,173,Svea,Norrbottens,59,Gällivare domsaga,domsaga,,Gällivare,t:lag,FALSE,list,"Gällivare domsaga, 35,286 inv., omfattar 3 t:lag: Gällivare lappmarks t:lag, tingsst. Gällivare; Jukkasjårvi lappmarks t:lag, tingsstm Vittangi och Kiruna; Karesuando lappmarks t:lag, tingsst. Karesuando. — 1,800 kr. tjpgr och 500 kr. förvaltn.bidrag. Larson, John Magnus, J. K., f. 83; 23 (adr. Gäll"
1925,https://runeberg.org/statskal/1925/0173.html,173,Svea,Norrbottens,59,Gällivare domsaga,domsaga,,Jukkasjårvi,t:lag,FALSE,list,"Gällivare domsaga, 35,286 inv., omfattar 3 t:lag: Gällivare lappmarks t:lag, tingsst. Gällivare; Jukkasjårvi lappmarks t:lag, tingsstm Vittangi och Kiruna; Karesuando lappmarks t:lag, tingsst. Karesuando. — 1,800 kr. tjpgr och 500 kr. förvaltn.bidrag. Larson, John Magnus, J. K., f. 83; 23 (adr. Gäll"
1925,https://runeberg.org/statskal/1925/0173.html,173,Svea,Norrbottens,59,Gällivare domsaga,domsaga,,Karesuando,t:lag,FALSE,list,"Gällivare domsaga, 35,286 inv., omfattar 3 t:lag: Gällivare lappmarks t:lag, tingsst. Gällivare; Jukkasjårvi lappmarks t:lag, tingsstm Vittangi och Kiruna; Karesuando lappmarks t:lag, tingsst. Karesuando. — 1,800 kr. tjpgr och 500 kr. förvaltn.bidrag. Larson, John Magnus, J. K., f. 83; 23 (adr. Gäll"
1925,https://runeberg.org/statskal/1925/0173.html,173,Göta,Östergötlands,60,Kinda och Ydre domsaga,domsaga,,Kinda,h:d,FALSE,list,"Kinda och Ydre domsaga, 25,844 inv., omfattar 2 t:lag: Kinda h:d, tingsst. Kisa; Ydre h:d, tingsst. Sund. — 1,100 kr. tjpgr- Ceáersehiöld, Caspar Henrik Gavelius, RNO, f. 69; 07 (adr. Kisa)."
1925,https://runeberg.org/statskal/1925/0173.html,173,Göta,Östergötlands,60,Kinda och Ydre domsaga,domsaga,,Ydre,h:d,FALSE,list,"Kinda och Ydre domsaga, 25,844 inv., omfattar 2 t:lag: Kinda h:d, tingsst. Kisa; Ydre h:d, tingsst. Sund. — 1,100 kr. tjpgr- Ceáersehiöld, Caspar Henrik Gavelius, RNO, f. 69; 07 (adr. Kisa)."
1925,https://runeberg.org/statskal/1925/0173.html,173,Göta,Östergötlands,61,Mjölby domsaga,domsaga,,Mjölby,,FALSE,name,"Mjölby domsaga, 38,400 inv., utgör 1 t:lag, tingsst. Mjölby. — 1,300 kr. tjpgr. Petersson, Erik Gustaf Hjalmar, Förlikningsman i arbetstvister, RNO, f. 68; 05 (adr. Mjölby)."
1925,https://runeberg.org/statskal/1925/0173.html,173,Göta,Östergötlands,62,"Aska, Dals och Bobergs domsaga",domsaga,,Aska,,FALSE,name,"Aska, Dals och Bobergs domsaga, 28,466 inv., utgör 1 t:lag, tingsst. Motala. -— 1,500 kr. tjpgr. Töraer, Axel Fredrik, RNO, RVO, f. 68; 09 (adr. Motala)."
1925,https://runeberg.org/statskal/1925/0173.html,173,Göta,Östergötlands,62,"Aska, Dals och Bobergs domsaga",domsaga,,Dals,,FALSE,name,"Aska, Dals och Bobergs domsaga, 28,466 inv., utgör 1 t:lag, tingsst. Motala. -— 1,500 kr. tjpgr. Töraer, Axel Fredrik, RNO, RVO, f. 68; 09 (adr. Motala)."
1925,https://runeberg.org/statskal/1925/0173.html,173,Göta,Östergötlands,62,"Aska, Dals och Bobergs domsaga",domsaga,,Bobergs,,FALSE,name,"Aska, Dals och Bobergs domsaga, 28,466 inv., utgör 1 t:lag, tingsst. Motala. -— 1,500 kr. tjpgr. Töraer, Axel Fredrik, RNO, RVO, f. 68; 09 (adr. Motala)."
1925,https://runeberg.org/statskal/1925/0173.html,173,Göta,Östergötlands,63,Finspdnga läns härads domsaga,domsaga,,Finspdnga läns,,FALSE,name,"Finspdnga läns härads domsaga, 26,550 inv., utgör 1 t:lag, tingsst. Hällestad. — 1,300 kr. tjpgr. Vakan t (tf. domhus adr. Norrköping)."
1925,https://runeberg.org/statskal/1925/0173.html,173,Göta,Östergötlands,64,"Björkekinds, Östkinds, Lösings, Bråbo och Memmings domsaga",domsaga,,Björkekinds,,FALSE,name,"Björkekinds, Östkinds, Lösings, Bråbo och Memmings domsaga, 29,388 inv., utgör 1 t:lag, tingsst. Norrköping. — 1,400 kr. tjpgr. Kyrén, Sigurd Magnus, fd. Rev.sekret., RNO, f. 78; 21 (adr. Norrköping)."
1925,https://runeberg.org/statskal/1925/0173.html,173,Göta,Östergötlands,64,"Björkekinds, Östkinds, Lösings, Bråbo och Memmings domsaga",domsaga,,Östkinds,,FALSE,name,"Björkekinds, Östkinds, Lösings, Bråbo och Memmings domsaga, 29,388 inv., utgör 1 t:lag, tingsst. Norrköping. — 1,400 kr. tjpgr. Kyrén, Sigurd Magnus, fd. Rev.sekret., RNO, f. 78; 21 (adr. Norrköping)."
1925,https://runeberg.org/statskal/1925/0173.html,173,Göta,Östergötlands,64,"Björkekinds, Östkinds, Lösings, Bråbo och Memmings domsaga",domsaga,,Lösings,,FALSE,name,"Björkekinds, Östkinds, Lösings, Bråbo och Memmings domsaga, 29,388 inv., utgör 1 t:lag, tingsst. Norrköping. — 1,400 kr. tjpgr. Kyrén, Sigurd Magnus, fd. Rev.sekret., RNO, f. 78; 21 (adr. Norrköping)."
1925,https://runeberg.org/statskal/1925/0173.html,173,Göta,Östergötlands,64,"Björkekinds, Östkinds, Lösings, Bråbo och Memmings domsaga",domsaga,,Bråbo,,FALSE,name,"Björkekinds, Östkinds, Lösings, Bråbo och Memmings domsaga, 29,388 inv., utgör 1 t:lag, tingsst. Norrköping. — 1,400 kr. tjpgr. Kyrén, Sigurd Magnus, fd. Rev.sekret., RNO, f. 78; 21 (adr. Norrköping)."
1925,https://runeberg.org/statskal/1925/0173.html,173,Göta,Östergötlands,64,"Björkekinds, Östkinds, Lösings, Bråbo och Memmings domsaga",domsaga,,Memmings,,FALSE,name,"Björkekinds, Östkinds, Lösings, Bråbo och Memmings domsaga, 29,388 inv., utgör 1 t:lag, tingsst. Norrköping. — 1,400 kr. tjpgr. Kyrén, Sigurd Magnus, fd. Rev.sekret., RNO, f. 78; 21 (adr. Norrköping)."
1925,https://runeberg.org/statskal/1925/0173.html,173,Göta,Östergötlands,65,"Hammarkinds, Stegeborgs och Skärkinds domsaga",domsaga,,Hammarkinds,,FALSE,name,"Hammarkinds, Stegeborgs och Skärkinds domsaga, 23,220 inv., utgör 1 t:lag, tingsst. Söderkö ping. —- 1,300 kr. tjpgr och 500 kr. förvaltn. bidrag. % I Ekenstam, Carl Theodor, KV02kl, RNO, LLA, f. 58; (98) 13 (adr. Hösterum, Söder* köping)."
1925,https://runeberg.org/statskal/1925/0173.html,173,Göta,Östergötlands,65,"Hammarkinds, Stegeborgs och Skärkinds domsaga",domsaga,,Stegeborgs,,FALSE,name,"Hammarkinds, Stegeborgs och Skärkinds domsaga, 23,220 inv., utgör 1 t:lag, tingsst. Söderkö ping. —- 1,300 kr. tjpgr och 500 kr. förvaltn. bidrag. % I Ekenstam, Carl Theodor, KV02kl, RNO, LLA, f. 58; (98) 13 (adr. Hösterum, Söder* köping)."
1925,https://runeberg.org/statskal/1925/0173.html,173,Göta,Östergötlands,65,"Hammarkinds, Stegeborgs och Skärkinds domsaga",domsaga,,Skärkinds,,FALSE,name,"Hammarkinds, Stegeborgs och Skärkinds domsaga, 23,220 inv., utgör 1 t:lag, tingsst. Söderkö ping. —- 1,300 kr. tjpgr och 500 kr. förvaltn. bidrag. % I Ekenstam, Carl Theodor, KV02kl, RNO, LLA, f. 58; (98) 13 (adr. Hösterum, Söder* köping)."
1925,https://runeberg.org/statskal/1925/0174.html,174,Göta,Östergötlands,66,Linköpings domsaga,domsaga,,Linköpings,,FALSE,name,"Linköpings domsaga, 36,929 inv., omfattande Åkerbo, Bankekinds, Hanekinds, Valkebo och Gitllbergs h:d, utgör 1 t:lag, tingsst. Linköping. — 1,100 kr. tjpgr. Åstrand, Carl, J. K., RNO, f. 67; 09 (adr. Linköping)."
1925,https://runeberg.org/statskal/1925/0174.html,174,Göta,Jönköpings,67,"Tveta, Vista och Mo domsaga",domsaga,,Tveta,,FALSE,name,"Tveta, Vista och Mo domsaga, 50,422 inv., utgör 1 t:lag, tingsst. Jönköping. — 1,200 kr. tjpgr. Roos, Axel Hjalmar, fd. Hovrättsassessor, K N02kl, f. 60; (00) 11 (adr. Jönköping)."
1925,https://runeberg.org/statskal/1925/0174.html,174,Göta,Jönköpings,67,"Tveta, Vista och Mo domsaga",domsaga,,Vista,,FALSE,name,"Tveta, Vista och Mo domsaga, 50,422 inv., utgör 1 t:lag, tingsst. Jönköping. — 1,200 kr. tjpgr. Roos, Axel Hjalmar, fd. Hovrättsassessor, K N02kl, f. 60; (00) 11 (adr. Jönköping)."
1925,https://runeberg.org/statskal/1925/0174.html,174,Göta,Jönköpings,67,"Tveta, Vista och Mo domsaga",domsaga,,Mo,,FALSE,name,"Tveta, Vista och Mo domsaga, 50,422 inv., utgör 1 t:lag, tingsst. Jönköping. — 1,200 kr. tjpgr. Roos, Axel Hjalmar, fd. Hovrättsassessor, K N02kl, f. 60; (00) 11 (adr. Jönköping)."
1925,https://runeberg.org/statskal/1925/0174.html,174,Göta,Jönköpings,68,Norra och Södra Vedbo domsaga,domsaga,,Norra Vedbo,h:d,FALSE,list,"Norra och Södra Vedbo domsaga, 35,963 inv., omfattar 2 t:lag: Norra Vedbo h:d, tingsst. Tranås; Södra Vedbo h:d, tingsst. Eksjö. — 1,400 kr. tjpgr. Rogberg, Axel Herman Georg, J. K., RNO, f. 65; (02) 24 (adr. Eksjö)."
1925,https://runeberg.org/statskal/1925/0174.html,174,Göta,Jönköpings,68,Norra och Södra Vedbo domsaga,domsaga,,Södra Vedbo,h:d,FALSE,list,"Norra och Södra Vedbo domsaga, 35,963 inv., omfattar 2 t:lag: Norra Vedbo h:d, tingsst. Tranås; Södra Vedbo h:d, tingsst. Eksjö. — 1,400 kr. tjpgr. Rogberg, Axel Herman Georg, J. K., RNO, f. 65; (02) 24 (adr. Eksjö)."
1925,https://runeberg.org/statskal/1925/0174.html,174,Göta,Jönköpings,69,Östra härads domsaga,domsaga,,Östra,,FALSE,name,"Östra härads domsaga, 23,682 inv., utgör 1 t.*lag, tingsst. Vetlanda. —-1,200 kr. tjpgr. Westholm, Karl Gustaf, RNO, f. 64; 08 (adr. Vetlanda)."
1925,https://runeberg.org/statskal/1925/0174.html,174,Göta,Jönköpings,70,Västra härads domsaga,domsaga,,Västra,,FALSE,name,"Västra härads domsaga, 26,876 inv., utgör 1 t:lag, tingsst. Sävsjö. — 700 kr. tjpgr. Landergren, Sten Sture Fredrik, Krigsdomare, RNO, f. 66; 06 (adr. Domaregården, Sävsjö)."
1925,https://runeberg.org/statskal/1925/0174.html,174,Göta,Jönköpings,71,Östbo och Västbo domsaga,domsaga,,Östbo,,FALSE,name,"Östbo och Västbo domsaga, 55,816 inv., omfattar 2 t:iag: östbo h:d, tingsst. Värnamo; Västbo h:d, tingsst. ölmestad. — 2,100 kr. tjpgr. Kinnandor, Gustaf, J. K., f. 78; 20 (adr. Värnamo)."
1925,https://runeberg.org/statskal/1925/0174.html,174,Göta,Jönköpings,71,Östbo och Västbo domsaga,domsaga,,Västbo,,FALSE,name,"Östbo och Västbo domsaga, 55,816 inv., omfattar 2 t:iag: östbo h:d, tingsst. Värnamo; Västbo h:d, tingsst. ölmestad. — 2,100 kr. tjpgr. Kinnandor, Gustaf, J. K., f. 78; 20 (adr. Värnamo)."
1925,https://runeberg.org/statskal/1925/0174.html,174,Göta,Kronobergs,72,Östra Värends domsaga,domsaga,,Uppvidinge,h:d,FALSE,list,"Östra Värends domsaga, 57,118 inv., omfattar 2 t:lag: Uppvidinge h:d, tingsst. Lenhovda; Konga h:d, tingsst. Ingelstad. — 3,000 kr. tjpgr. Ah Is t röra, Tor Astley Junius, J. K., fd. Rev.-sekret., RNO, f. 67; 09 (adr. Växjö)."
1925,https://runeberg.org/statskal/1925/0174.html,174,Göta,Kronobergs,72,Östra Värends domsaga,domsaga,,Konga,h:d,FALSE,list,"Östra Värends domsaga, 57,118 inv., omfattar 2 t:lag: Uppvidinge h:d, tingsst. Lenhovda; Konga h:d, tingsst. Ingelstad. — 3,000 kr. tjpgr. Ah Is t röra, Tor Astley Junius, J. K., fd. Rev.-sekret., RNO, f. 67; 09 (adr. Växjö)."
1925,https://runeberg.org/statskal/1925/0174.html,174,Göta,Kronobergs,73,Mellersta Värends domsaga,domsaga,,Mellersta Värends,,FALSE,name,"Mellersta Värends domsaga, 23,894 inv., utgör 1 t:lag, tingsst. Växjö. — 1,200 kr. tjpgr. Bellinder, Sven, J. o. Fil. K., f. 82; 23 (adr. Växjö)."
1925,https://runeberg.org/statskal/1925/0174.html,174,Göta,Kronobergs,74,Västra Värends domsaga,domsaga,,Västra Värends,,FALSE,name,"Västra Värends domsaga, 28,617 inv., utgör 1 t:lag, tingsst. Alvesta. — 1,400 kr. tjpgr. Lindwall. Gustaf Alfred Casimir, J. o. Fil. K., fd. Rev.sekret., RNO, f. 77; 24 (adr. Alvesta). Sunnerbo domsagaf 39,476 inv., utgör 1 t:lag, tingsst. Ljungby. — 1,100 kr. tjpgr. Mimck af Rosensehöld, Nils Adolf"
1925,https://runeberg.org/statskal/1925/0174.html,174,Göta,Kalmar,75,Norra och Södra Tjusts domsaga,domsaga,,Norra Tjusts,,FALSE,name,"Norra och Södra Tjusts domsaga, 37,838 inv., utgör 1 t:lag, tingsst. Gamleby. — 2,000 kr. tjpgr och 800 kr. förvaltn.bidrag. Nordström, Bror Anders Albert, RNO, f. 60; 00 (adr. Gamleby)."
1925,https://runeberg.org/statskal/1925/0174.html,174,Göta,Kalmar,75,Norra och Södra Tjusts domsaga,domsaga,,Södra Tjusts,,FALSE,name,"Norra och Södra Tjusts domsaga, 37,838 inv., utgör 1 t:lag, tingsst. Gamleby. — 2,000 kr. tjpgr och 800 kr. förvaltn.bidrag. Nordström, Bror Anders Albert, RNO, f. 60; 00 (adr. Gamleby)."
1925,https://runeberg.org/statskal/1925/0174.html,174,Göta,Kalmar,76,Sevede och Tunaläns domsaga,domsaga,,Sevede,h:d,FALSE,list,"Sevede och Tunaläns domsaga, 26,236 inv., omfattar 2 t:lag: Sevede h:d, tingsst. Vimmerby; Tunaläns h:d, tingsst. Ishult. — 1,600 kr. tjpgr. Hanson, Otto Carl Johan, RNO, f. 69; 12 (adr. Vimmerby)."
1925,https://runeberg.org/statskal/1925/0174.html,174,Göta,Kalmar,76,Sevede och Tunaläns domsaga,domsaga,,Tunaläns,h:d,FALSE,list,"Sevede och Tunaläns domsaga, 26,236 inv., omfattar 2 t:lag: Sevede h:d, tingsst. Vimmerby; Tunaläns h:d, tingsst. Ishult. — 1,600 kr. tjpgr. Hanson, Otto Carl Johan, RNO, f. 69; 12 (adr. Vimmerby)."
1925,https://runeberg.org/statskal/1925/0174.html,174,Göta,Kalmar,77,Aspelands och Handbörds domsaga,domsaga,,Aspelands,,FALSE,name,"Aspelands och Handbörds domsaga, 30,504 inv., utgör 1 t:lag, tingsst. Högsby. — 2,400 kr. tjpgr. Cer?in, Carl, fd. Rev.sekret., RNO, f. 81; 23 (adr. Högsby)."
1925,https://runeberg.org/statskal/1925/0174.html,174,Göta,Kalmar,77,Aspelands och Handbörds domsaga,domsaga,,Handbörds,,FALSE,name,"Aspelands och Handbörds domsaga, 30,504 inv., utgör 1 t:lag, tingsst. Högsby. — 2,400 kr. tjpgr. Cer?in, Carl, fd. Rev.sekret., RNO, f. 81; 23 (adr. Högsby)."
1925,https://runeberg.org/statskal/1925/0174.html,174,Göta,Kalmar,78,Norra Möre och Stranda domsaga,domsaga,,Norra Möre,h:dt,FALSE,list,"Norra Möre och Stranda domsaga, 26,385 inv., omfattar 2 t:lag: Norra Möre h:dt tingsst. Rockneby; Stranda h:d, tingsst. Mönsterås. — 1,200 kr. tjpgr. Zetterstedt, John Emanuel, RNO, f. 71; 08 (adr. Kalmar)."
1925,https://runeberg.org/statskal/1925/0174.html,174,Göta,Kalmar,78,Norra Möre och Stranda domsaga,domsaga,,Stranda,h:d,FALSE,list,"Norra Möre och Stranda domsaga, 26,385 inv., omfattar 2 t:lag: Norra Möre h:dt tingsst. Rockneby; Stranda h:d, tingsst. Mönsterås. — 1,200 kr. tjpgr. Zetterstedt, John Emanuel, RNO, f. 71; 08 (adr. Kalmar)."
1925,https://runeberg.org/statskal/1925/0174.html,174,Göta,Kalmar,79,Södra Möre domsaga,domsaga,,Södra Möre,,FALSE,name,"Södra Möre domsaga, 40,387 inv., utgör 1 t:lag, tingsst. Vassmolösa. — 2,700 kr. tjpgr. Helling, Nils Joel Mauritz, J. K., RNO, f. 70; 14 (adr. Kalmar)."
1925,https://runeberg.org/statskal/1925/0174.html,174,Göta,Kalmar,80,Ölands domsaga,domsaga,,Ölands norra,mot,FALSE,list,"Ölands domsaga, 27,664 inv., omfattar 2 t:lag: Ölands norra mot, tingsst. Rosenfors; Ölands södra mot, tingsst. Färjestaden. — 2,400 kr. tjpgr. Söderbaum, Johan Gustaf Henning, e. o. Assessor i Hovrätten, RNO, f. 68; 11 (adr. Borgholm)."
1925,https://runeberg.org/statskal/1925/0174.html,174,Göta,Kalmar,80,Ölands domsaga,domsaga,,Ölands södra,mot,FALSE,list,"Ölands domsaga, 27,664 inv., omfattar 2 t:lag: Ölands norra mot, tingsst. Rosenfors; Ölands södra mot, tingsst. Färjestaden. — 2,400 kr. tjpgr. Söderbaum, Johan Gustaf Henning, e. o. Assessor i Hovrätten, RNO, f. 68; 11 (adr. Borgholm)."
1925,https://runeberg.org/statskal/1925/0174.html,174,Göta,Hallands,81,Hallands läns södra domsaga,domsaga,,Halmstads o. Tönnersjö,h:d,FALSE,list,"Hallands läns södra domsaga, 50,557 inv., omfattar 2 t:lag: Halmstads o. Tönnersjö h:d, tingsst. Halmstad; Höks h:dt tingsst. Laholm. — 1,100 kr. tjpgr. Åkerman, Assar Emanuel, (förutv. Statsråd), J. K., fd. Hovrättsassessor, Fångvårdsfullmäktig, RNO, f. 60; (00) 12 (adr. Halmstad). Hallands läns me"
1925,https://runeberg.org/statskal/1925/0174.html,174,Göta,Hallands,81,Hallands läns södra domsaga,domsaga,,Höks,h:dt,FALSE,list,"Hallands läns södra domsaga, 50,557 inv., omfattar 2 t:lag: Halmstads o. Tönnersjö h:d, tingsst. Halmstad; Höks h:dt tingsst. Laholm. — 1,100 kr. tjpgr. Åkerman, Assar Emanuel, (förutv. Statsråd), J. K., fd. Hovrättsassessor, Fångvårdsfullmäktig, RNO, f. 60; (00) 12 (adr. Halmstad). Hallands läns me"
1925,https://runeberg.org/statskal/1925/0175.html,175,Göta,Hallands,82,Hallands läns norra domsaga,domsaga,,Fjäre,h:d,FALSE,list,"Hallands läns norra domsaga, 24,357 inv., omfattar 2 t:lag: Fjäre h:d, tingsst. Skansen; Viske h:d, tingsst. Nyebro. — 1,800 kr. tjpgr. I Åberg, Carl Rutger, J. K., fd. Rev.sekret., K | N02kl. f. 63; 07 (adr. Kungsbacka). j"
1925,https://runeberg.org/statskal/1925/0175.html,175,Göta,Hallands,82,Hallands läns norra domsaga,domsaga,,Viske,h:d,FALSE,list,"Hallands läns norra domsaga, 24,357 inv., omfattar 2 t:lag: Fjäre h:d, tingsst. Skansen; Viske h:d, tingsst. Nyebro. — 1,800 kr. tjpgr. I Åberg, Carl Rutger, J. K., fd. Rev.sekret., K | N02kl. f. 63; 07 (adr. Kungsbacka). j"
1925,https://runeberg.org/statskal/1925/0175.html,175,Göta,Göteborgs och Bohus,83,"Askims, Hisings och Sävedah domsaga",domsaga,,Askims,,FALSE,name,"Askims, Hisings och Sävedah domsaga, 54,232 inv., utgör 1 t:lag, tingsst. Göteborg — 1,800 kr. tjpgr. Schlyter, Karl Johan Daniel, (förutv. Statsråd), J. o. Fil K., fd. Rev.sekret. RNO, f. 79; 23 (adr. Göteborg)."
1925,https://runeberg.org/statskal/1925/0175.html,175,Göta,Göteborgs och Bohus,83,"Askims, Hisings och Sävedah domsaga",domsaga,,Hisings,,FALSE,name,"Askims, Hisings och Sävedah domsaga, 54,232 inv., utgör 1 t:lag, tingsst. Göteborg — 1,800 kr. tjpgr. Schlyter, Karl Johan Daniel, (förutv. Statsråd), J. o. Fil K., fd. Rev.sekret. RNO, f. 79; 23 (adr. Göteborg)."
1925,https://runeberg.org/statskal/1925/0175.html,175,Göta,Göteborgs och Bohus,83,"Askims, Hisings och Sävedah domsaga",domsaga,,Sävedah,,FALSE,name,"Askims, Hisings och Sävedah domsaga, 54,232 inv., utgör 1 t:lag, tingsst. Göteborg — 1,800 kr. tjpgr. Schlyter, Karl Johan Daniel, (förutv. Statsråd), J. o. Fil K., fd. Rev.sekret. RNO, f. 79; 23 (adr. Göteborg)."
1925,https://runeberg.org/statskal/1925/0175.html,175,Göta,Göteborgs och Bohus,84,Inlands domsaga,domsaga,,Inlands Nordrt,h:d,FALSE,list,"Inlands domsaga, 26,908 inv., omfattar 4 t:lag: Inlands Nordrt h:d. tingsst. Smedseröd; Inlands Fräkne h:d. tingsst. Grohed; Inlands Torpe h:d, tingsst Holmen; Inlands Södre h:d, tingsst. Kungälv. — 1,900 kr. tjpgr och 400 kr. förvaltn.bidrag. Lagergren, Carl Erik Gustaf, J. K., f. 74; 24 (adr. Groh"
1925,https://runeberg.org/statskal/1925/0175.html,175,Göta,Göteborgs och Bohus,84,Inlands domsaga,domsaga,,Inlands Fräkne,h:d,FALSE,list,"Inlands domsaga, 26,908 inv., omfattar 4 t:lag: Inlands Nordrt h:d. tingsst. Smedseröd; Inlands Fräkne h:d. tingsst. Grohed; Inlands Torpe h:d, tingsst Holmen; Inlands Södre h:d, tingsst. Kungälv. — 1,900 kr. tjpgr och 400 kr. förvaltn.bidrag. Lagergren, Carl Erik Gustaf, J. K., f. 74; 24 (adr. Groh"
1925,https://runeberg.org/statskal/1925/0175.html,175,Göta,Göteborgs och Bohus,84,Inlands domsaga,domsaga,,Inlands Torpe,h:d,FALSE,list,"Inlands domsaga, 26,908 inv., omfattar 4 t:lag: Inlands Nordrt h:d. tingsst. Smedseröd; Inlands Fräkne h:d. tingsst. Grohed; Inlands Torpe h:d, tingsst Holmen; Inlands Södre h:d, tingsst. Kungälv. — 1,900 kr. tjpgr och 400 kr. förvaltn.bidrag. Lagergren, Carl Erik Gustaf, J. K., f. 74; 24 (adr. Groh"
1925,https://runeberg.org/statskal/1925/0175.html,175,Göta,Göteborgs och Bohus,84,Inlands domsaga,domsaga,,Inlands Södre,h:d,FALSE,list,"Inlands domsaga, 26,908 inv., omfattar 4 t:lag: Inlands Nordrt h:d. tingsst. Smedseröd; Inlands Fräkne h:d. tingsst. Grohed; Inlands Torpe h:d, tingsst Holmen; Inlands Södre h:d, tingsst. Kungälv. — 1,900 kr. tjpgr och 400 kr. förvaltn.bidrag. Lagergren, Carl Erik Gustaf, J. K., f. 74; 24 (adr. Groh"
1925,https://runeberg.org/statskal/1925/0175.html,175,Göta,Göteborgs och Bohus,85,Orusts och Tjörns domsaga,domsaga,,Orusts,,FALSE,name,"Orusts och Tjörns domsaga, 27,894 inv., utgör 1 t:lag, tingsst. Varekil. — 200 kr. tjpgr. Blomstedt, August Henrik Reinhold, RNO, f. 60; 05 (adr. Svanesund)."
1925,https://runeberg.org/statskal/1925/0175.html,175,Göta,Göteborgs och Bohus,85,Orusts och Tjörns domsaga,domsaga,,Tjörns,,FALSE,name,"Orusts och Tjörns domsaga, 27,894 inv., utgör 1 t:lag, tingsst. Varekil. — 200 kr. tjpgr. Blomstedt, August Henrik Reinhold, RNO, f. 60; 05 (adr. Svanesund)."
1925,https://runeberg.org/statskal/1925/0175.html,175,Göta,Göteborgs och Bohus,86,Sunnervikens domsaga,domsaga,,Sunnervikens,,FALSE,name,"Sunnervikens domsaga, 42,921 inv., utgör 1 t:lag, tingsst. Kvistrum. — 1,700 kr. tjpgr. Kooh, Ivar Arthur, J. K., fd. Rev.sekret., RNO, f. 69; (18) 19 (adr. Uddevalla)."
1925,https://runeberg.org/statskal/1925/0175.html,175,Göta,Göteborgs och Bohus,87,Norrvikens domsaga,domsaga,,Kville,,FALSE,list,"Norrvikens domsaga, 30,495 inv., omfattar 2 t:lag: Kville, Tanums o. Bullarens h:d, tingsst. tills vidare Strömstad; Vette h:d, tingsst. Strömstad. — 1,700 kr. tjpgr. Hellborn, Berndt, J. D., Fil. K., RNO, f. 65; (03) 13 (adr. Strömstad)."
1925,https://runeberg.org/statskal/1925/0175.html,175,Göta,Göteborgs och Bohus,87,Norrvikens domsaga,domsaga,,Tanums o. Bullarens,h:d,FALSE,list,"Norrvikens domsaga, 30,495 inv., omfattar 2 t:lag: Kville, Tanums o. Bullarens h:d, tingsst. tills vidare Strömstad; Vette h:d, tingsst. Strömstad. — 1,700 kr. tjpgr. Hellborn, Berndt, J. D., Fil. K., RNO, f. 65; (03) 13 (adr. Strömstad)."
1925,https://runeberg.org/statskal/1925/0175.html,175,Göta,Göteborgs och Bohus,87,Norrvikens domsaga,domsaga,,Vette,h:d,FALSE,list,"Norrvikens domsaga, 30,495 inv., omfattar 2 t:lag: Kville, Tanums o. Bullarens h:d, tingsst. tills vidare Strömstad; Vette h:d, tingsst. Strömstad. — 1,700 kr. tjpgr. Hellborn, Berndt, J. D., Fil. K., RNO, f. 65; (03) 13 (adr. Strömstad)."
1925,https://runeberg.org/statskal/1925/0175.html,175,Göta,Älvsborgs,88,Marks domsaga,domsaga,,Marks,,FALSE,name,"Marks domsaga, 34,402 inv., utgör 1 t:lag, tingsst. Skene. — 2,500 kr. tjpgr. Nyrén, Axel Robert Gotthard, RNO, f. 64; (11) 24 (adr. Borås)."
1925,https://runeberg.org/statskal/1925/0175.html,175,Göta,Älvsborgs,89,Kinds och Red v ägs domsaga,domsaga,,Kinds,h:d,FALSE,list,"Kinds och Red v ägs domsaga, 39,414 inv., omfattar 2 t:lag: Kinds h:d, tingsst. Svenljunga; Redvägs h;d, tingsst. Ulricehamn. — 2.900 kr. tjpgr. Bergfeldt, Olof Gotthard, fd Rev.sekret., RNO, f. 70; 16 (adr. Ulricehamn)."
1925,https://runeberg.org/statskal/1925/0175.html,175,Göta,Älvsborgs,89,Kinds och Red v ägs domsaga,domsaga,,Redvägs h,,FALSE,list,"Kinds och Red v ägs domsaga, 39,414 inv., omfattar 2 t:lag: Kinds h:d, tingsst. Svenljunga; Redvägs h;d, tingsst. Ulricehamn. — 2.900 kr. tjpgr. Bergfeldt, Olof Gotthard, fd Rev.sekret., RNO, f. 70; 16 (adr. Ulricehamn)."
1925,https://runeberg.org/statskal/1925/0175.html,175,Göta,Älvsborgs,90,Bords domsaga,domsaga,,Bords,,FALSE,name,"Bords domsaga, 33,316 inv., omfattar 2 t-.lag: Ås, Vedens o. Bollebygds h:d, tingsst. Borås; Gäsene h:d, tingsst. Ljung. — 1,800 kr. tjpgr. Braeonier, Jean Herman, RNO, f. 70; 15 (adr. Borås)."
1925,https://runeberg.org/statskal/1925/0175.html,175,Göta,Älvsborgs,91,"Vät t le, A le och Kullings domsaga",domsaga,,Vät t le,,FALSE,name,"Vät t le, A le och Kullings domsaga, 40,580 inv., omfattar 31:lag: Vättle h:d, tingsst. Lerum; Ale h:d, tingsst. Älvängen; Kullings h:d, tingsst. Alingsås. — 1,400 kr. tjpgr. Täeklind, Magnus Johan, RNO, f. 60; 00 (adr. Alingsås)."
1925,https://runeberg.org/statskal/1925/0175.html,175,Göta,Älvsborgs,91,"Vät t le, A le och Kullings domsaga",domsaga,,A le,,FALSE,name,"Vät t le, A le och Kullings domsaga, 40,580 inv., omfattar 31:lag: Vättle h:d, tingsst. Lerum; Ale h:d, tingsst. Älvängen; Kullings h:d, tingsst. Alingsås. — 1,400 kr. tjpgr. Täeklind, Magnus Johan, RNO, f. 60; 00 (adr. Alingsås)."
1925,https://runeberg.org/statskal/1925/0175.html,175,Göta,Älvsborgs,91,"Vät t le, A le och Kullings domsaga",domsaga,,Kullings,,FALSE,name,"Vät t le, A le och Kullings domsaga, 40,580 inv., omfattar 31:lag: Vättle h:d, tingsst. Lerum; Ale h:d, tingsst. Älvängen; Kullings h:d, tingsst. Alingsås. — 1,400 kr. tjpgr. Täeklind, Magnus Johan, RNO, f. 60; 00 (adr. Alingsås)."
1925,https://runeberg.org/statskal/1925/0175.html,175,Göta,Älvsborgs,92,"Flundre, Väne och Bjärke domsaga",domsaga,,Flundre,,FALSE,name,"Flundre, Väne och Bjärke domsaga, 41,583 inv., utgör 1 t:lag, tingsst. Trollhättan. — 1,400 kr. tjpgr. Colleen, Sven Tycho, RNO, f. 71; 14 (adr. Trollhättan)."
1925,https://runeberg.org/statskal/1925/0175.html,175,Göta,Älvsborgs,92,"Flundre, Väne och Bjärke domsaga",domsaga,,Väne,,FALSE,name,"Flundre, Väne och Bjärke domsaga, 41,583 inv., utgör 1 t:lag, tingsst. Trollhättan. — 1,400 kr. tjpgr. Colleen, Sven Tycho, RNO, f. 71; 14 (adr. Trollhättan)."
1925,https://runeberg.org/statskal/1925/0175.html,175,Göta,Älvsborgs,92,"Flundre, Väne och Bjärke domsaga",domsaga,,Bjärke,,FALSE,name,"Flundre, Väne och Bjärke domsaga, 41,583 inv., utgör 1 t:lag, tingsst. Trollhättan. — 1,400 kr. tjpgr. Colleen, Sven Tycho, RNO, f. 71; 14 (adr. Trollhättan)."
1925,https://runeberg.org/statskal/1925/0175.html,175,Göta,Älvsborgs,93,"Nordals, Sundals och Valbo domsaga",domsaga,,Nordals o. Sundals,h:d,FALSE,list,"Nordals, Sundals och Valbo domsaga, 33.218 inv., omfattar 2 t:lag: Nordals o. Sundals h:d, tingsst. Mellerud; Valbo h:d, tingsst. Tångelanda. — 2,600 kr. tjpgr. von Sydow, Kristian Hugo, (förutv. Statsråd), Fil. K., tf. Vattenrättsdomare, KNOlkl, f. 61; 04 (tf. Domh:s adr. Vänersborg)."
1925,https://runeberg.org/statskal/1925/0175.html,175,Göta,Älvsborgs,93,"Nordals, Sundals och Valbo domsaga",domsaga,,Valbo,h:d,FALSE,list,"Nordals, Sundals och Valbo domsaga, 33.218 inv., omfattar 2 t:lag: Nordals o. Sundals h:d, tingsst. Mellerud; Valbo h:d, tingsst. Tångelanda. — 2,600 kr. tjpgr. von Sydow, Kristian Hugo, (förutv. Statsråd), Fil. K., tf. Vattenrättsdomare, KNOlkl, f. 61; 04 (tf. Domh:s adr. Vänersborg)."
1925,https://runeberg.org/statskal/1925/0175.html,175,Göta,Älvsborgs,94,Tössbo och Vedbo domsaga,domsaga,,Tössbo,,FALSE,name,"Tössbo och Vedbo domsaga, 29,539 inv., omfattar 2 trlag: Tössbo h:d, tingsst. Åmål; Vedbo h:d, tingsst. Alltorp. — 1,300 kr. tjpgr. Bfellén, Karl Frithiof, RNO, f.69; 11 (adr. Åmål). Vadsbo norra domsaga, 26,1^6 inv., utgör 1 t:lag: tingsst. Mariestad. — 1,400 kr. tjpgr. Jansson, Oskar Teodor, Fil. "
1925,https://runeberg.org/statskal/1925/0175.html,175,Göta,Älvsborgs,94,Tössbo och Vedbo domsaga,domsaga,,Vedbo,,FALSE,name,"Tössbo och Vedbo domsaga, 29,539 inv., omfattar 2 trlag: Tössbo h:d, tingsst. Åmål; Vedbo h:d, tingsst. Alltorp. — 1,300 kr. tjpgr. Bfellén, Karl Frithiof, RNO, f.69; 11 (adr. Åmål). Vadsbo norra domsaga, 26,1^6 inv., utgör 1 t:lag: tingsst. Mariestad. — 1,400 kr. tjpgr. Jansson, Oskar Teodor, Fil. "
1925,https://runeberg.org/statskal/1925/0175.html,175,Göta,Skaraborgs,95,Vadsbo södra domsaga,domsaga,,Vadsbo södra,,FALSE,name,"Vadsbo södra domsaga, 28,304 inv., utgör 1 trlag, tingsst. Moholm. — 1,200 kr. tjpgr. Beek-Friis, Lave Robert, Frih., fd. Hovrättsassessor, Krigsdomare, KN02kl, f. 57; 98 (adr. Skövde)."
1925,https://runeberg.org/statskal/1925/0175.html,175,Göta,Skaraborgs,96,Gudhems och Käkinds domsaga,domsaga,,Gudhems,,FALSE,name,"Gudhems och Käkinds domsaga, 26,294 inv., omfattar 2 trlag: Gudhems h:d, I tingsst. Stenstorp; Käkinds h:d, tingsst. Värs-I ås. — 1,500 kr. tjpgr. Domsagor och häradshövdingar. [218—219] Nyman, Frans Oscar, J. K., fd. Hovrättsassessor, Vice krigsdomare, RNO, f. 66; 09 (adr. Skövde)."
1925,https://runeberg.org/statskal/1925/0175.html,175,Göta,Skaraborgs,96,Gudhems och Käkinds domsaga,domsaga,,Käkinds,,FALSE,name,"Gudhems och Käkinds domsaga, 26,294 inv., omfattar 2 trlag: Gudhems h:d, I tingsst. Stenstorp; Käkinds h:d, tingsst. Värs-I ås. — 1,500 kr. tjpgr. Domsagor och häradshövdingar. [218—219] Nyman, Frans Oscar, J. K., fd. Hovrättsassessor, Vice krigsdomare, RNO, f. 66; 09 (adr. Skövde)."
1925,https://runeberg.org/statskal/1925/0176.html,176,Göta,Skaraborgs,97,Vartofta och Frökinds domsaga,domsaga,,Vartofta,,FALSE,name,"Vartofta och Frökinds domsaga, 34,959 inv., utgör 1 t:lag, tingsst. Tidaholm. — 1,900 kr. tjpgr. Johanson, Axel Petrus, RNO, f. 65; 04 (adr. Falköping)."
1925,https://runeberg.org/statskal/1925/0176.html,176,Göta,Skaraborgs,97,Vartofta och Frökinds domsaga,domsaga,,Frökinds,,FALSE,name,"Vartofta och Frökinds domsaga, 34,959 inv., utgör 1 t:lag, tingsst. Tidaholm. — 1,900 kr. tjpgr. Johanson, Axel Petrus, RNO, f. 65; 04 (adr. Falköping)."
1925,https://runeberg.org/statskal/1925/0176.html,176,Göta,Skaraborgs,98,"Skånings, Vilske och Valle domsaga",domsaga,,Skånings o. Valle,h:d,FALSE,list,"Skånings, Vilske och Valle domsaga, 25,050 inv., omfattar 2 t:lag: Skånings o. Valle h:d, tingsst. Skara; Vilske h:d, tingsst. Floby. — 1,800 kr. tjpgr. Kronlund, Georg Adolf Edvin, RNO, f. 60; (93) 05 (adr. Skara)."
1925,https://runeberg.org/statskal/1925/0176.html,176,Göta,Skaraborgs,98,"Skånings, Vilske och Valle domsaga",domsaga,,Vilske,h:d,FALSE,list,"Skånings, Vilske och Valle domsaga, 25,050 inv., omfattar 2 t:lag: Skånings o. Valle h:d, tingsst. Skara; Vilske h:d, tingsst. Floby. — 1,800 kr. tjpgr. Kronlund, Georg Adolf Edvin, RNO, f. 60; (93) 05 (adr. Skara)."
1925,https://runeberg.org/statskal/1925/0176.html,176,Göta,Skaraborgs,99,"A se, Viste, Rarne och Laske domsaga",domsaga,,A se,,FALSE,name,"A se, Viste, Rarne och Laske domsaga, 34,161 inv., utgör 1 t:lag, tingsst. Vara. — 1,500 kr. tjpgr. Arhusiander, Carl Esaias, Fil. K., RNO, f. 67; 07 (adr. Vara)."
1925,https://runeberg.org/statskal/1925/0176.html,176,Göta,Skaraborgs,99,"A se, Viste, Rarne och Laske domsaga",domsaga,,Viste,,FALSE,name,"A se, Viste, Rarne och Laske domsaga, 34,161 inv., utgör 1 t:lag, tingsst. Vara. — 1,500 kr. tjpgr. Arhusiander, Carl Esaias, Fil. K., RNO, f. 67; 07 (adr. Vara)."
1925,https://runeberg.org/statskal/1925/0176.html,176,Göta,Skaraborgs,99,"A se, Viste, Rarne och Laske domsaga",domsaga,,Rarne,,FALSE,name,"A se, Viste, Rarne och Laske domsaga, 34,161 inv., utgör 1 t:lag, tingsst. Vara. — 1,500 kr. tjpgr. Arhusiander, Carl Esaias, Fil. K., RNO, f. 67; 07 (adr. Vara)."
1925,https://runeberg.org/statskal/1925/0176.html,176,Göta,Skaraborgs,99,"A se, Viste, Rarne och Laske domsaga",domsaga,,Laske,,FALSE,name,"A se, Viste, Rarne och Laske domsaga, 34,161 inv., utgör 1 t:lag, tingsst. Vara. — 1,500 kr. tjpgr. Arhusiander, Carl Esaias, Fil. K., RNO, f. 67; 07 (adr. Vara)."
1925,https://runeberg.org/statskal/1925/0176.html,176,Göta,Skaraborgs,100,"Kinnefjärdings, Kinne och Kållands domsaga",domsaga,,Kinnefjärdings,,FALSE,name,"Kinnefjärdings, Kinne och Kållands domsaga, 31,619 inv., utgör 1 t:lag, tingsst. Lidköping. — 1,500 kr. tjpgr. Zethelius, Henrik Wilhelm, J. K., fd. Rev.-sekret., KN02kl, KV02kl, f. 62; 05 (adr. Lidköping). Vice häradshövdingar. Arbman, Arvid Natanael, f. 82; 18. Lundmarker, Vilhelm Carl, J. K., f. "
1925,https://runeberg.org/statskal/1925/0176.html,176,Göta,Skaraborgs,100,"Kinnefjärdings, Kinne och Kållands domsaga",domsaga,,Kinne,,FALSE,name,"Kinnefjärdings, Kinne och Kållands domsaga, 31,619 inv., utgör 1 t:lag, tingsst. Lidköping. — 1,500 kr. tjpgr. Zethelius, Henrik Wilhelm, J. K., fd. Rev.-sekret., KN02kl, KV02kl, f. 62; 05 (adr. Lidköping). Vice häradshövdingar. Arbman, Arvid Natanael, f. 82; 18. Lundmarker, Vilhelm Carl, J. K., f. "
1925,https://runeberg.org/statskal/1925/0176.html,176,Göta,Skaraborgs,100,"Kinnefjärdings, Kinne och Kållands domsaga",domsaga,,Kållands,,FALSE,name,"Kinnefjärdings, Kinne och Kållands domsaga, 31,619 inv., utgör 1 t:lag, tingsst. Lidköping. — 1,500 kr. tjpgr. Zethelius, Henrik Wilhelm, J. K., fd. Rev.-sekret., KN02kl, KV02kl, f. 62; 05 (adr. Lidköping). Vice häradshövdingar. Arbman, Arvid Natanael, f. 82; 18. Lundmarker, Vilhelm Carl, J. K., f. "
1925,https://runeberg.org/statskal/1925/0176.html,176,Skåne och Blekinge,Blekinge,101,Östra härads domsaga,domsaga,,Östra,,FALSE,name,"Östra härads domsaga, 25,441 inv., utgör 1 t:lag, tingsst. Lyckeby. — 1,700 kr. tjpgr. Bladh, John. Krigsdomare, RNO, f. 69; 14 (adr. Lyckeby)."
1925,https://runeberg.org/statskal/1925/0176.html,176,Skåne och Blekinge,Blekinge,102,Medelstads härads domsaga,domsaga,,Medelstads,,FALSE,name,"Medelstads härads domsaga, 32,765 inv., utgör 1 t:lag, tingsst. Ronneby. — 2,500 kr. tjpgr. Söderström, Carl Fredrik, J. K., f. 79; 21 (adr. Ronneby)."
1925,https://runeberg.org/statskal/1925/0176.html,176,Skåne och Blekinge,Blekinge,103,Bräkne härads domsaga,domsaga,,Bräkne,,FALSE,name,"Bräkne härads domsaga, 22,475 inv., utgör 1 t:lag, tingsst. Hoby. — 1,300 kr. tjpgr. Reuterskiöld, Axel Gabriel Adam, J. K., RNO, f. 63; (03) 19 (adr. Bräkne-Hoby)."
1925,https://runeberg.org/statskal/1925/0176.html,176,Skåne och Blekinge,Blekinge,104,Listers härads domsaga,domsaga,,Listers,,FALSE,name,"Listers härads domsaga, 24,953 inv., utgör 1 t:lag, tingsst. Sölvesborg. — 1,500 kr. tjpgr. Vakant, (tf. domh:s adr. Sölvesborg)."
1925,https://runeberg.org/statskal/1925/0176.html,176,Skåne och Blekinge,Kristianstads,105,Ingelstads och Järrestads domsaga,domsaga,,Ingelstads,,FALSE,name,"Ingelstads och Järrestads domsaga, 35,343 inv., utgör 1 t:lag, tingsst. Hammenhög. — 1,300 kr. tjpgr. Cederström, Bror Carl, Frih., fd. Rev.sekret., KN02kl, f. 61; 06 (adr. Hammenhög)."
1925,https://runeberg.org/statskal/1925/0176.html,176,Skåne och Blekinge,Kristianstads,105,Ingelstads och Järrestads domsaga,domsaga,,Järrestads,,FALSE,name,"Ingelstads och Järrestads domsaga, 35,343 inv., utgör 1 t:lag, tingsst. Hammenhög. — 1,300 kr. tjpgr. Cederström, Bror Carl, Frih., fd. Rev.sekret., KN02kl, f. 61; 06 (adr. Hammenhög)."
1925,https://runeberg.org/statskal/1925/0176.html,176,Skåne och Blekinge,Kristianstads,106,Gärds och Albo domsaga,domsaga,,Gärds,,FALSE,name,"Gärds och Albo domsaga, 34,439 inv., utgör 1 t:lag, tingsst. Degeberga. — 1,600 kr. tjpgr. Edling, Holdo Mauritz, J. K., fd. Hovrättsråd, RNO, f. 73; 19 (adr. Kristianstad). Villands domsaga, 24,674: inv., utgör 1 t:lag, tingsst. Fjälkinge. — 1,100 kr. tjpgr. Lilienberg, Berndt Erik Viktor. J. K., f"
1925,https://runeberg.org/statskal/1925/0176.html,176,Skåne och Blekinge,Kristianstads,106,Gärds och Albo domsaga,domsaga,,Albo,,FALSE,name,"Gärds och Albo domsaga, 34,439 inv., utgör 1 t:lag, tingsst. Degeberga. — 1,600 kr. tjpgr. Edling, Holdo Mauritz, J. K., fd. Hovrättsråd, RNO, f. 73; 19 (adr. Kristianstad). Villands domsaga, 24,674: inv., utgör 1 t:lag, tingsst. Fjälkinge. — 1,100 kr. tjpgr. Lilienberg, Berndt Erik Viktor. J. K., f"
1925,https://runeberg.org/statskal/1925/0176.html,176,Skåne och Blekinge,Kristianstads,107,Östra Göinge domsaga,domsaga,,Östra Göinge,,FALSE,name,"Östra Göinge domsaga, 28,716 inv., utgör 1 t:lag, tingsst. Broby. — 1,000 kr. tjpgr. Hydén, Viktor, J. K., Krigsdomare, f. 72; 17 (adr. Kristianstad)."
1925,https://runeberg.org/statskal/1925/0176.html,176,Skåne och Blekinge,Kristianstads,108,Västra Göinge domsaga,domsaga,,Västra Göinge,,FALSE,name,"Västra Göinge domsaga, 39,749 inv., utgör 1 t:lag, tingsst. Hässleholm. — 2,100 kr. tjpgr. Håkanson, Ernst Mauritz, fd. Rev.sekret., KNOlkl, KV02kl, f. 59; 01 (adr. Hässleholm)."
1925,https://runeberg.org/statskal/1925/0176.html,176,Skåne och Blekinge,Kristianstads,109,Norra Åsbo domsaga,domsaga,,Norra Åsbo,,FALSE,name,"Norra Åsbo domsaga, 29,406 inv., utgör 1 t:lag, tingsst. Klippan. — 1,000 kr. tjpgr. Brunnberg, Axel Oskar, RNO, f. 71; 15 (adr. Klippan)."
1925,https://runeberg.org/statskal/1925/0176.html,176,Skåne och Blekinge,Kristianstads,110,Södra Åsbo och Bjäre domsaga,domsaga,,Södra Åsbo,,FALSE,name,"Södra Åsbo och Bjäre domsaga, 31,379 inv., utgör 1 t:lag, tingsst. Ängelholm. — 1,400 kr. tjpgr. Linders, Jacob, Fil. K., fd. Rev.sekret., KNO 2kl, KNS:t002kl, f. 68; 09 (adr. Ängelholm)."
1925,https://runeberg.org/statskal/1925/0176.html,176,Skåne och Blekinge,Kristianstads,110,Södra Åsbo och Bjäre domsaga,domsaga,,Bjäre,,FALSE,name,"Södra Åsbo och Bjäre domsaga, 31,379 inv., utgör 1 t:lag, tingsst. Ängelholm. — 1,400 kr. tjpgr. Linders, Jacob, Fil. K., fd. Rev.sekret., KNO 2kl, KNS:t002kl, f. 68; 09 (adr. Ängelholm)."
1925,https://runeberg.org/statskal/1925/0177.html,177,Skåne och Blekinge,Malmöhus,111,Oxie och Skytts domsaga,domsaga,,Oxie,,FALSE,name,"Oxie och Skytts domsaga, 38,044 inv., utgör 1 t:lag, tingsst. Malmö. — 1,500 kr. tjpgr. Öhman, Ivar Erik, fd. Rev.sekret., KN02kl, f. 68; 11 (adr. Malmö)."
1925,https://runeberg.org/statskal/1925/0177.html,177,Skåne och Blekinge,Malmöhus,111,Oxie och Skytts domsaga,domsaga,,Skytts,,FALSE,name,"Oxie och Skytts domsaga, 38,044 inv., utgör 1 t:lag, tingsst. Malmö. — 1,500 kr. tjpgr. Öhman, Ivar Erik, fd. Rev.sekret., KN02kl, f. 68; 11 (adr. Malmö)."
1925,https://runeberg.org/statskal/1925/0177.html,177,Skåne och Blekinge,Malmöhus,112,Torna och Bara domsaga,domsaga,,Torna,,FALSE,name,"Torna och Bara domsaga, 43,414 inv., utgör 1 t:lag, tingsst. Dalby. — 1,200 kr. tjpgr, Åhfgren, Per Christian, J. K., fd. Rev.sekret., KN02kl, f. 69; 16 (adr. Lund)."
1925,https://runeberg.org/statskal/1925/0177.html,177,Skåne och Blekinge,Malmöhus,112,Torna och Bara domsaga,domsaga,,Bara,,FALSE,name,"Torna och Bara domsaga, 43,414 inv., utgör 1 t:lag, tingsst. Dalby. — 1,200 kr. tjpgr, Åhfgren, Per Christian, J. K., fd. Rev.sekret., KN02kl, f. 69; 16 (adr. Lund)."
1925,https://runeberg.org/statskal/1925/0177.html,177,Skåne och Blekinge,Malmöhus,113,"Vemmenhögs, Ljunits och Herrestads domsaga",domsaga,,Vemmenhögs,,FALSE,name,"Vemmenhögs, Ljunits och Herrestads domsaga, 35,206 inv., utgör 1 t:lag, tingsst. Ystad. — 800 kr. tjpgr. Petrén, Bror August, (förutv. Statsråd), fd. Hovrättsråd, f. 70; 15 (adr. Ystad)."
1925,https://runeberg.org/statskal/1925/0177.html,177,Skåne och Blekinge,Malmöhus,113,"Vemmenhögs, Ljunits och Herrestads domsaga",domsaga,,Ljunits,,FALSE,name,"Vemmenhögs, Ljunits och Herrestads domsaga, 35,206 inv., utgör 1 t:lag, tingsst. Ystad. — 800 kr. tjpgr. Petrén, Bror August, (förutv. Statsråd), fd. Hovrättsråd, f. 70; 15 (adr. Ystad)."
1925,https://runeberg.org/statskal/1925/0177.html,177,Skåne och Blekinge,Malmöhus,113,"Vemmenhögs, Ljunits och Herrestads domsaga",domsaga,,Herrestads,,FALSE,name,"Vemmenhögs, Ljunits och Herrestads domsaga, 35,206 inv., utgör 1 t:lag, tingsst. Ystad. — 800 kr. tjpgr. Petrén, Bror August, (förutv. Statsråd), fd. Hovrättsråd, f. 70; 15 (adr. Ystad)."
1925,https://runeberg.org/statskal/1925/0177.html,177,Skåne och Blekinge,Malmöhus,114,Färs härads domsaga,domsaga,,Färs,,FALSE,name,"Färs härads domsaga, 23,467 inv., utgör 1 t:lag, tingsst. Sjöbo. — 800 kr. tjpgr. Ahlgren, Fredrik, RNO, f. 65; 02 (adr. Sjöbo)."
1925,https://runeberg.org/statskal/1925/0177.html,177,Skåne och Blekinge,Malmöhus,115,Frosta och Eslövs domsaga,domsaga,,Frosta,h:d,FALSE,list,"Frosta och Eslövs domsaga, 32,472 inv., omfattar 2 t:lag: Frosta h:d, tings, st. Hörby och staden Eslöv. — 900 kr. tjpgr. Lindstedt, Gustaf Ferdinand, J. K., fd Rev.sekret., KNOlkl, RVO, f. 83; 24 (adr. Eslöv)."
1925,https://runeberg.org/statskal/1925/0177.html,177,Skåne och Blekinge,Malmöhus,116,"Rönnebergs, Onsjö och Harjagers domsaga",domsaga,,Rönnebergs,,FALSE,name,"Rönnebergs, Onsjö och Harjagers domsaga, 42,828 inv., utgör 1 t:lag, tingsst. Åkarp. — 2,000 kr. tjpgr. Warmark, Hugo, J. K., fd. Rev.sekret., RNO, f. 63; 10 (adr. Landskrona)."
1925,https://runeberg.org/statskal/1925/0177.html,177,Skåne och Blekinge,Malmöhus,116,"Rönnebergs, Onsjö och Harjagers domsaga",domsaga,,Onsjö,,FALSE,name,"Rönnebergs, Onsjö och Harjagers domsaga, 42,828 inv., utgör 1 t:lag, tingsst. Åkarp. — 2,000 kr. tjpgr. Warmark, Hugo, J. K., fd. Rev.sekret., RNO, f. 63; 10 (adr. Landskrona)."
1925,https://runeberg.org/statskal/1925/0177.html,177,Skåne och Blekinge,Malmöhus,116,"Rönnebergs, Onsjö och Harjagers domsaga",domsaga,,Harjagers,,FALSE,name,"Rönnebergs, Onsjö och Harjagers domsaga, 42,828 inv., utgör 1 t:lag, tingsst. Åkarp. — 2,000 kr. tjpgr. Warmark, Hugo, J. K., fd. Rev.sekret., RNO, f. 63; 10 (adr. Landskrona)."
1925,https://runeberg.org/statskal/1925/0177.html,177,Skåne och Blekinge,Malmöhus,117,Luggude domsaga,domsaga,,Luggude,,FALSE,name,"Luggude domsaga, 48,089 inv., utgör 1 t:lag, tingsst. Hälsingborg. — 1,200 kr. tjpgr. Hansson, Johan, J. o. Fil. K., fd. Rev.sekret., f. 75; 21 (adr. Hälsingborg). Vice häradshövdingar. Fagerlin, Karl Johan Lorentz, tf. Rev.sekret. [58], f. 81; 18. Ehrenborg, Louis Wilhelm Casper, J. K., f. 89; 19. "
