# corrections.csv - one row per deviation from the source, each with a citation.
# Columns: id,kind,type_id,topo_id,name,start,end,value,source,note
#
# kinds
#   drop_record   the source record is an anachronism and is dropped
#   same_unit     two source records are one unit; value = the other topo_id
#   separate_unit a record kept apart that step3b merged away
#   name          a unit's correct official name for a period; for a municipality
#                 value = the unit kind (stad / koping / landskommun / kommun)
#   identity      what a unit is; value = the source topo_id it corresponds to, or
#                 "no_source_unit" when the source has no record for it
#   membership    a parish or parish part belongs to a parent unit; value = the parent
#                 (topo_id where the source has one, otherwise the parent's name)
#
# Read it with read.csv(...," comment.char = ""#"") or readr::read_csv(..."," comment = ""#"");"
# base read.csv() defaults to comment.char = "" and will fail on these lines.
#
# topo_id holds the Riksarkivet record id," or ""SCB:nnnn"" for a municipality that exists"
# only in the SCB code lists (nnnn = the SCB kommunkod). Dates are full dates.
# M* rows: the SCB municipality module (m3a), September 2026. Every row gives its SCB volume,
# page and URL in `source`.
id,kind,type_id,topo_id,name,start,end,value,source,note
I01,drop_record,county,{9E62418A-C96E-11D4-BBC3-00D0B73E008B},Skåne län,1971,1990,,SFS 1996:1414 (Skåne län from 1997-01-01),Anachronism in the source: Skåne län did not exist before 1997; the area is Malmöhus and Kristianstads län
I02,drop_record,county,{9E624357-C96E-11D4-BBC3-00D0B73E008B},Västra Götalands län,1971,1990,,SFS 1997:1263 (Västra Götalands län from 1998-01-01),Anachronism in the source: Västra Götalands län did not exist before 1998
I03,same_unit,county,{5CAB9EC8-3250-4379-A39E-DA6FED590153},Kopparbergs län,1720,1990,{9396AE2A-A0B0-11D3-9E53-009027B0FCE9},Riksarkivet topografi (two records of one county),Dalarnas län is the later/informal name of Kopparbergs län; one unit with two names
I04,same_unit,county,{6D164C8C-E85B-4F91-8410-61D8AC8F7DF9},Västernorrlands län,1762,1809,{81E2D690-D1C6-11D4-BBC5-00D0B73E008B},Riksarkivet topografi (near-identical records),Kept as in the earlier pipeline's step 3b; name history to verify
I05,same_unit,county,{6D164C8C-E85B-4F91-8410-61D8AC8F7DF9},Västernorrlands län,1810,1973,{81E2D6A0-D1C6-11D4-BBC5-00D0B73E008B},Riksarkivet topografi (near-identical records),Härnösands län as another name of Västernorrlands län; kept as in the earlier pipeline's step 3b
I06,same_unit,pastorship,{783247DC-A593-4287-94E4-16A3D683DC63},Tölö pastorat,1600,1967,{640D913A-7247-445B-8CBF-F52180E1889D},Riksarkivet topografi (same unit recorded twice),
I07,same_unit,pastorship,{D474FD2F-9B6A-4F8B-97F8-24ED2431DA14},Vittaryds pastorat,1919,1973,{6310EFF1-64C8-4B77-B03B-AA3A2D2F7112},Riksarkivet topografi (near-identical records),Berga pastorat and Vittaryds pastorat recorded with one polygon; kept as in the earlier pipeline's step 3b; to verify
I08,separate_unit,contract,{F7844E08-6D92-4533-95EA-7159F929909F},Bankekinds och Skärkinds kontrakt,1919,1942,,Review 2026-09-25 (scan class A2),A real contract (Bankekind with Skärkind); step3b merged it into Bankekinds kontrakt and 12 parishes lost their contract 1943-61. Its source polygon is a copy of Bankekinds kontrakt
M01,name,municipality,SCB:0185,Djursholms stad,1914-01-01,1970-12-31,stad,"SCB, Folkmängden inom administrativa områden den 31 december 1913 (SOS), texten s. 3-4: ”Med 1914 års ingång kommo emellertid trenne orter i åtnjutande av stadsrättigheter, nämligen Djursholm (förut köping med 3 947 inv.)”; https://share.scb.se/ov9993/data/historisk%20statistik/SOS%201911-/Befolkningsstatistik/Folkm%C3%A4ngden%20inom%20administrativa%20omr%C3%A5den%20%28SOS%29%201910-1961/Folkm%C3%A4ngden-inom-administrativa-omr%C3%A5den-1913.pdf","SCB code 0185 from 1968, 0285 before the Stockholms län recoding (SCB, MIS 1986:5 Sveriges kommuner åren 1952-1986, tabellen Kommuner och kommunkoder; https://scb.se/contentassets/b58021618f7942c0b88c32eed6c5a49e/ov9999_1952i86_br_x22op8605.pdf). Enlarged 1967-01-01 with 0261 Stocksunds köping. Ends 1970-12-31: SCB Folkmängd 31.12.1970 del 1, bilaga, 01 Stockholms län, 01 85 Djursholms kommun har uppgått i 01 62 Danderyds kommun"
M02,name,municipality,SCB:0661,Norrahammars köping,1943-01-01,1970-12-31,köping,"SCB, Folkmängden inom administrativa områden den 31 december 1942 (SOS), texten s. 3-4 och Anm. till Jönköpings län not 11: ”Den 1 jan. 1943 bildades Norrahammars köping och församling av större delen av Sandseryd med 1 686 inv. och ett område av Barnarp med 2 238 inv. Samtidigt överflyttades återstoden av Sandseryd med 33 inv. till Månsarp”; https://share.scb.se/ov9993/data/historisk%20statistik/SOS%201911-/Befolkningsstatistik/Folkm%C3%A4ngden%20inom%20administrativa%20omr%C3%A5den%20%28SOS%29%201910-1961/Folkm%C3%A4ngden-inom-administrativa-omr%C3%A5den-1942.pdf","Ends 1970-12-31 (SCB Folkmängd 31.12.1970 del 1, bilaga, 06 Jönköpings län: uppgick i 0680 Jönköpings kommun)"
M03,name,municipality,SCB:0663,Skillingaryds köping,1952-01-01,1970-12-31,köping,"SCB, Folkmängden inom administrativa områden den 31 december 1951 (SOS), Anm. till Jönköpings län not 12: ”Den 1 jan. 1952 bildades Skillingaryds köping genom utbrytning ur Tofteryds kommun. Skillingaryds municipalsamhälle med 2 204 inv. upplöstes samtidigt. - Tofteryds församling är från samma tidpunkt uppdelad på Klevshults nybildade kommun och Skillingaryds köping”; https://share.scb.se/ov9993/data/historisk%20statistik/SOS%201911-/Befolkningsstatistik/Folkm%C3%A4ngden%20inom%20administrativa%20omr%C3%A5den%20%28SOS%29%201910-1961/Folkm%C3%A4ngden-inom-administrativa-omr%C3%A5den-1951.pdf","Ends 1970-12-31 (SCB Folkmängd 31.12.1970 del 1, bilaga, 06 Jönköpings län: uppgick i 0665 Vaggeryds kommun). Holds the part of Tofteryds församling coded 066301"
M04,name,municipality,SCB:0664,Bodafors köping,1930-01-01,1970-12-31,köping,"SCB, Folkmängden inom administrativa områden den 31 december 1929 (SOS), texten s. 4 och Anm. till Jönköpings län: ”Norra Sandsjö församling omfattar Norra Sandsjö kommun och Bodafors köping, vilken senare den 1 januari 1930 inträdde i åtnjutande av köpingsrättigheter”; https://share.scb.se/ov9993/data/historisk%20statistik/SOS%201911-/Befolkningsstatistik/Folkm%C3%A4ngden%20inom%20administrativa%20omr%C3%A5den%20%28SOS%29%201910-1961/Folkm%C3%A4ngden-inom-administrativa-omr%C3%A5den-1929.pdf","Ends 1970-12-31 (SCB Folkmängd 31.12.1970 del 1, bilaga, 06 Jönköpings län: uppgick i 0682 Nässjö kommun). Its only SCB unit is Bodafors kyrkobokföringsdistrikt of Norra Sandsjö församling"
M05,name,municipality,SCB:1164,Vinslövs köping,1934-01-01,1970-12-31,köping,"SCB, Folkmängden inom administrativa områden den 31 december 1933 (SOS), Anm. till Kristianstads län not 8: ”Vinslövs församling omfattar Vinslövs kommun och Vinslövs köping, vilken senare, omfattande det förutvarande municipalsamhället, den 1 januari 1934 inträdde i åtnjutande av köpingsrättigheter”; https://share.scb.se/ov9993/data/historisk%20statistik/SOS%201911-/Befolkningsstatistik/Folkm%C3%A4ngden%20inom%20administrativa%20omr%C3%A5den%20%28SOS%29%201910-1961/Folkm%C3%A4ngden-inom-administrativa-omr%C3%A5den-1933.pdf","A different unit from 1132 Vinslövs landskommun, with which it shares Vinslövs församling"
M06,name,municipality,SCB:1164,Vinslövs centralkommun,1971-01-01,1973-12-31,kommun,"SCB, Folkmängd 31.12.1970 enligt indelningen 1.1.1971 (SOS) del 1, bilaga, 11 Kristianstads län: ”11 64 Vinslövs kommun (förutvarande köpingen) skall benämnas Vinslövs centralkommun, medan 11 32 Vinslövs kommun (förutvarande landskommunen) fortfarande skall benämnas Vinslövs kommun”; https://share.scb.se/OV9993/Data/Historisk%20statistik/SOS%201911-/Befolkningsstatistik/Folkm%C3%A4ngd%20Del%201-2%20Kommuner%20och%20f%C3%B6rsamlingar%20%28SOS%29%201967-1990/Befolkning-Folkmangd-1970-1-Kommuner-och-forsamlingar.pdf","Ends 1973-12-31 (SCB Folkmängd 31.12.1973 del 1, bilaga, 11 Kristianstads län: uppgick i 1183 Hässleholms kommun). SCB, MIS 1986:5 Sveriges kommuner åren 1952-1986, tabellen Kommuner och kommunkoder; https://scb.se/contentassets/b58021618f7942c0b88c32eed6c5a49e/ov9999_1952i86_br_x22op8605.pdf records the same rename"
M07,name,municipality,SCB:1360,Oskarströms köping,1947-01-01,1970-12-31,köping,"SCB, Folkmängden inom administrativa områden den 31 december 1946 (SOS), Anm. till Hallands län not 6: ”Den 1 jan. 1947 bildades Oskarströms köping genom utbrytning av Oskarströms municipalsamhälle ur Enslövs och Slättåkra kommuner”; https://share.scb.se/ov9993/data/historisk%20statistik/SOS%201911-/Befolkningsstatistik/Folkm%C3%A4ngden%20inom%20administrativa%20omr%C3%A5den%20%28SOS%29%201910-1961/Folkm%C3%A4ngden-inom-administrativa-omr%C3%A5den-1946.pdf",Straddled Enslövs and Slättåkra församlingar until Oskarströms församling was formed in 1957
M08,name,municipality,SCB:1360,Oskarströms kommun,1971-01-01,1973-12-31,kommun,"SCB, Folkmängd 31.12.1973 enligt indelningen 1.1.1974 (SOS) del 1, bilaga, 13 Hallands län: ”13 14 Enslövs och 13 60 Oskarsströms kommuner har uppgått i 13 80 Halmstads kommun”; https://share.scb.se/OV9993/Data/Historisk%20statistik/SOS%201911-/Befolkningsstatistik/Folkm%C3%A4ngd%20Del%201-2%20Kommuner%20och%20f%C3%B6rsamlingar%20%28SOS%29%201967-1990/Befolkning-Folkmangd-1973-1-Kommuner-och-forsamlingar.pdf",The 1973 volume spells it Oskarsström; the 1946 volume and MIS 1986:5 spell it Oskarström
M09,name,municipality,SCB:1564,Skene köping,1951-01-01,1970-12-31,köping,"SCB, Folkmängden inom administrativa områden den 31 december 1950 (SOS), Anm. till Älvsborgs län not 11: ”Den 1 jan. 1951 bildades Skene köping genom utbrytning ur Örby kommun. Skene municipalsamhälle med 3 410 inv. upplöstes samtidigt”; https://share.scb.se/ov9993/data/historisk%20statistik/SOS%201911-/Befolkningsstatistik/Folkm%C3%A4ngden%20inom%20administrativa%20omr%C3%A5den%20%28SOS%29%201910-1961/Folkm%C3%A4ngden-inom-administrativa-omr%C3%A5den-1950.pdf","Ends 1970-12-31 (SCB Folkmängd 31.12.1970 del 1, bilaga, 15 Älvsborgs län: sammanförd till 1563 Marks kommun). Its only SCB unit is Skene kyrkobokföringsdistrikt of Örby församling"
M10,name,municipality,SCB:1706,Värmlandsbergs landskommun,1952-01-01,1970-12-31,landskommun,"Årsbok för Sveriges kommuner 1951 (SCB), Förteckning över de blivande storkommunerna och deras omfattning, s. 213; https://www.scb.se/contentassets/6a74a52b28994e2bbe23dcdd6754987c/blivande-storkommuner-1.pdf (Värmlands län: Värmlandsberg: Gåsborn, Nordmark, Färnebo och Brattfors)","The source name Värmlandsbergs landskommun is correct. Ends 1970-12-31 (SCB Folkmängd 31.12.1970 del 1, bilaga, 17 Värmlands län: uppgick i 1782 Filipstads kommun)"
M11,name,municipality,SCB:2103,Ovansjö landskommun,1863-01-01,1970-12-31,landskommun,"SCB, Folkmängden inom administrativa områden den 31 december 1950 (SOS), Anm. till Gävleborgs län not 1: ”Ovansjö församling omfattar Ovansjö kommun och Storviks köping”; https://share.scb.se/ov9993/data/historisk%20statistik/SOS%201911-/Befolkningsstatistik/Folkm%C3%A4ngden%20inom%20administrativa%20omr%C3%A5den%20%28SOS%29%201910-1961/Folkm%C3%A4ngden-inom-administrativa-omr%C3%A5den-1950.pdf","Kind from the 1952 code 2103 (01-59 = landskommun; SCB, MIS 1998:2 Regionala koder, avsnittet Kommuner: ”Vid kodsättningen 1952 indelades kommunerna i tre typer. Städer erhöll nummer i serien 80-99 ... Köpingar fick nummer i serien 60-79 och övriga, dvs landskommuner, i serien 01-59”; https://www.scb.se/contentassets/5f7f821206e24fc88501f4b6f5d1c559/mis1998_2.pdf). Start 1863-01-01 as in the source, not independently checked. Ends 1970-12-31 (uppgick i 2181 Sandvikens kommun)"
M12,name,municipality,SCB:2160,Storviks köping,1924-01-01,1970-12-31,köping,"SCB, Folkmängden inom administrativa områden den 31 december 1923 (SOS), texten s. 3 och Anm. till Gävleborgs län not 6: ”Ovansjö församling omfattar Ovansjö kommun och Storviks köping, vilken senare d. 1 januari 1924 inträdde i åtnjutande av köpingsrättigheter”; https://share.scb.se/ov9993/data/historisk%20statistik/SOS%201911-/Befolkningsstatistik/Folkm%C3%A4ngden%20inom%20administrativa%20omr%C3%A5den%20%28SOS%29%201910-1961/Folkm%C3%A4ngden-inom-administrativa-omr%C3%A5den-1923.pdf","NOT Sandvikens stad. SCB Folkmängd 31.12.1970 del 1, bilaga, 21 Gävleborgs län: 21 60 01 del av Ovansjö församling i 21 60 Storviks kommun; uppgick i 2181 Sandvikens kommun 1971-01-01"
M13,name,municipality,SCB:2405,Vännäs landskommun,1863-01-01,1970-12-31,landskommun,"SCB, Folkmängd 31.12.1970 enligt indelningen 1.1.1971 (SOS) del 1, bilaga, 24 Västerbottens län: ”24 05 01 Vännäs landskommuns kyrkobokföringsdistrikt i 24 05 Vännäs dåvarande landskommun”; https://share.scb.se/OV9993/Data/Historisk%20statistik/SOS%201911-/Befolkningsstatistik/Folkm%C3%A4ngd%20Del%201-2%20Kommuner%20och%20f%C3%B6rsamlingar%20%28SOS%29%201967-1990/Befolkning-Folkmangd-1970-1-Kommuner-och-forsamlingar.pdf","Vännäs köping (2460) was separated from it 1928-01-01 (SCB, Folkmängden inom administrativa områden den 31 december 1927 (SOS), texten s. 4 och Anm. till Västerbottens län not 1: ”Vännäs församling omfattar Vännäs kommun och Vännäs köping, vilken den 1 januari 1928 inträdde i åtnjutande av köpingsrättigheter”; https://share.scb.se/ov9993/data/historisk%20statistik/SOS%201911-/Befolkningsstatistik/Folkm%C3%A4ngden%20inom%20administrativa%20omr%C3%A5den%20%28SOS%29%201910-1961/Folkm%C3%A4ngden-inom-administrativa-omr%C3%A5den-1927.pdf); Vännäs församling was divided between the two from then. MIS 1986:5 writes Vännäs (lk) 2405 and Vännäs (k) 2460. Start 1863-01-01 as in the source, not independently checked"
M14,name,municipality,SCB:2419,Örträsks landskommun,1887-01-01,1970-12-31,landskommun,"SCB, Folkmängd 31.12.1970 enligt indelningen 1.1.1971 (SOS) del 1, bilaga, 24 Västerbottens län: ”24 19 Örträsks och 24 20 Lycksele kommuner har uppgått i 24 81 Lycksele kommun”; https://share.scb.se/OV9993/Data/Historisk%20statistik/SOS%201911-/Befolkningsstatistik/Folkm%C3%A4ngd%20Del%201-2%20Kommuner%20och%20f%C3%B6rsamlingar%20%28SOS%29%201967-1990/Befolkning-Folkmangd-1970-1-Kommuner-och-forsamlingar.pdf","Kind from the 1952 code 2419 (01-59 = landskommun; SCB, MIS 1998:2 Regionala koder, avsnittet Kommuner: ”Vid kodsättningen 1952 indelades kommunerna i tre typer. Städer erhöll nummer i serien 80-99 ... Köpingar fick nummer i serien 60-79 och övriga, dvs landskommuner, i serien 01-59”; https://www.scb.se/contentassets/5f7f821206e24fc88501f4b6f5d1c559/mis1998_2.pdf); unchanged at the 1952 reform (Årsbok för Sveriges kommuner 1951 (SCB), Förteckning över de blivande storkommunerna och deras omfattning, s. 213; https://www.scb.se/contentassets/6a74a52b28994e2bbe23dcdd6754987c/blivande-storkommuner-1.pdf, Västerbottens län: Örträsk: Örträsk). Start 1887-01-01 as in the source, not independently checked"
M15,name,municipality,SCB:2520,Tärendö landskommun,1916-01-01,1970-12-31,landskommun,"SCB, Folkmängd 31.12.1970 enligt indelningen 1.1.1971 (SOS) del 1, bilaga, 25 Norrbottens län: ”25 19 Korpilombolo, 25 20 Tärendö och 25 22 Junosuando kommuner har uppgått i 25 21 Pajala kommun”; https://share.scb.se/OV9993/Data/Historisk%20statistik/SOS%201911-/Befolkningsstatistik/Folkm%C3%A4ngd%20Del%201-2%20Kommuner%20och%20f%C3%B6rsamlingar%20%28SOS%29%201967-1990/Befolkning-Folkmangd-1970-1-Kommuner-och-forsamlingar.pdf","Kind from the 1952 code 2520 (01-59 = landskommun; SCB, MIS 1998:2 Regionala koder, avsnittet Kommuner: ”Vid kodsättningen 1952 indelades kommunerna i tre typer. Städer erhöll nummer i serien 80-99 ... Köpingar fick nummer i serien 60-79 och övriga, dvs landskommuner, i serien 01-59”; https://www.scb.se/contentassets/5f7f821206e24fc88501f4b6f5d1c559/mis1998_2.pdf); unchanged at the 1952 reform (Årsbok för Sveriges kommuner 1951 (SCB), Förteckning över de blivande storkommunerna och deras omfattning, s. 213; https://www.scb.se/contentassets/6a74a52b28994e2bbe23dcdd6754987c/blivande-storkommuner-1.pdf, Norrbottens län: Tärendö: Tärendö). Start 1916-01-01 as in the source, not independently checked"
M16,identity,municipality,SCB:0185,Djursholms stad,1914-01-01,1970-12-31,no_source_unit,"SCB, Folkmängden inom administrativa områden den 31 december 1950 (SOS), Anm. till Stockholms län not 4: ”Danderyds församling omfattar Danderyds köping, Stocksunds köping och Djursholms stad”; https://share.scb.se/ov9993/data/historisk%20statistik/SOS%201911-/Befolkningsstatistik/Folkm%C3%A4ngden%20inom%20administrativa%20omr%C3%A5den%20%28SOS%29%201910-1961/Folkm%C3%A4ngden-inom-administrativa-omr%C3%A5den-1950.pdf","m3a linked 0185 to Danderyds kommun because it is the only source unit holding Danderyds församling. Wrong: 0185 is Djursholms stad, which the source lacks. Danderyds församling was divided between three municipalities (two from 1967). Drop the link"
M17,identity,municipality,SCB:0661,Norrahammars köping,1943-01-01,1970-12-31,{E4E7D8D9-5053-4297-AB91-0EB678E7187E},"SCB, Folkmängden inom administrativa områden den 31 december 1942 (SOS), texten s. 3-4 och Anm. till Jönköpings län not 11: ”Den 1 jan. 1943 bildades Norrahammars köping och församling av större delen av Sandseryd ... och ett område av Barnarp”; https://share.scb.se/ov9993/data/historisk%20statistik/SOS%201911-/Befolkningsstatistik/Folkm%C3%A4ngden%20inom%20administrativa%20omr%C3%A5den%20%28SOS%29%201910-1961/Folkm%C3%A4ngden-inom-administrativa-omr%C3%A5den-1942.pdf","m3a linked 0661 to Månsarps kommun. The source does have a unit, Norrahammars kommun, but dates it 1863-1951; the correct period is 1943-01-01 to 1970-12-31"
M18,identity,municipality,SCB:0663,Skillingaryds köping,1952-01-01,1970-12-31,no_source_unit,"SCB, Folkmängden inom administrativa områden den 31 december 1951 (SOS), Anm. till Jönköpings län not 12: ”Tofteryds församling är från samma tidpunkt uppdelad på Klevshults nybildade kommun och Skillingaryds köping”; https://share.scb.se/ov9993/data/historisk%20statistik/SOS%201911-/Befolkningsstatistik/Folkm%C3%A4ngden%20inom%20administrativa%20omr%C3%A5den%20%28SOS%29%201910-1961/Folkm%C3%A4ngden-inom-administrativa-omr%C3%A5den-1951.pdf","m3a linked 0663 to Klevshults kommun {63502AA0-D7B1-4B87-ADF1-95CCC31A4CD0}, which is the other half of the split. Drop the link: Skillingaryds köping is a separate unit the source lacks"
M19,identity,municipality,SCB:0664,Bodafors köping,1930-01-01,1970-12-31,no_source_unit,"SCB, Folkmängden inom administrativa områden den 31 december 1929 (SOS), Anm. till Jönköpings län: ”Norra Sandsjö församling omfattar Norra Sandsjö kommun och Bodafors köping”; https://share.scb.se/ov9993/data/historisk%20statistik/SOS%201911-/Befolkningsstatistik/Folkm%C3%A4ngden%20inom%20administrativa%20omr%C3%A5den%20%28SOS%29%201910-1961/Folkm%C3%A4ngden-inom-administrativa-omr%C3%A5den-1929.pdf",The source has Norra Sandsjö kommun only
M20,identity,municipality,SCB:1164,Vinslövs köping / Vinslövs centralkommun,1934-01-01,1973-12-31,no_source_unit,"SCB, Folkmängden inom administrativa områden den 31 december 1933 (SOS), Anm. till Kristianstads län not 8: ”Vinslövs församling omfattar Vinslövs kommun och Vinslövs köping”; https://share.scb.se/ov9993/data/historisk%20statistik/SOS%201911-/Befolkningsstatistik/Folkm%C3%A4ngden%20inom%20administrativa%20omr%C3%A5den%20%28SOS%29%201910-1961/Folkm%C3%A4ngden-inom-administrativa-omr%C3%A5den-1933.pdf","m3a linked 1164 to the source unit Vinslövs kommun {F829B0E3-4D54-42A2-AA31-8BDB4C722D1F}, which is 1132 Vinslövs landskommun. Drop the link"
M21,identity,municipality,SCB:1360,Oskarströms köping / Oskarströms kommun,1947-01-01,1973-12-31,no_source_unit,"SCB, Folkmängden inom administrativa områden den 31 december 1946 (SOS), Anm. till Hallands län not 6 och Anm. till Hallands län 1950 not 1-2: ”Den 1 jan. 1947 bildades Oskarströms köping genom utbrytning av Oskarströms municipalsamhälle ur Enslövs och Slättåkra kommuner”; https://share.scb.se/ov9993/data/historisk%20statistik/SOS%201911-/Befolkningsstatistik/Folkm%C3%A4ngden%20inom%20administrativa%20omr%C3%A5den%20%28SOS%29%201910-1961/Folkm%C3%A4ngden-inom-administrativa-omr%C3%A5den-1946.pdf",m3a linked 1360 to Enslövs kommun. Oskarström was carved out of both Enslöv and Slättåkra and is a separate unit the source lacks. Drop the link
M22,identity,municipality,SCB:1564,Skene köping,1951-01-01,1970-12-31,no_source_unit,"SCB, Folkmängden inom administrativa områden den 31 december 1950 (SOS), Anm. till Älvsborgs län not 11: ”Den 1 jan. 1951 bildades Skene köping genom utbrytning ur Örby kommun”; https://share.scb.se/ov9993/data/historisk%20statistik/SOS%201911-/Befolkningsstatistik/Folkm%C3%A4ngden%20inom%20administrativa%20omr%C3%A5den%20%28SOS%29%201910-1961/Folkm%C3%A4ngden-inom-administrativa-omr%C3%A5den-1950.pdf",The source has Örby landskommun {E831D036-C57E-4F4C-AA88-A7648F9257E3} 1863-1970 only
M23,identity,municipality,SCB:2160,Storviks köping,1924-01-01,1970-12-31,no_source_unit,"SCB, Folkmängden inom administrativa områden den 31 december 1923 (SOS), Anm. till Gävleborgs län not 6: ”Ovansjö församling omfattar Ovansjö kommun och Storviks köping, vilken senare d. 1 januari 1924 inträdde i åtnjutande av köpingsrättigheter”; https://share.scb.se/ov9993/data/historisk%20statistik/SOS%201911-/Befolkningsstatistik/Folkm%C3%A4ngden%20inom%20administrativa%20omr%C3%A5den%20%28SOS%29%201910-1961/Folkm%C3%A4ngden-inom-administrativa-omr%C3%A5den-1923.pdf","m3a linked 2160 to Ovansjö kommun, which is 2103. Ovansjö församling was divided between the two; Storviks köping is a separate unit the source lacks. Drop the link"
M24,identity,municipality,SCB:2405,Vännäs landskommun,1863-01-01,1970-12-31,{9396AFBF-A0B0-11D3-9E53-009027B0FCE9},"SCB, Folkmängden inom administrativa områden den 31 december 1927 (SOS), Anm. till Västerbottens län not 1: ”Vännäs församling omfattar Vännäs kommun och Vännäs köping, vilken den 1 januari 1928 inträdde i åtnjutande av köpingsrättigheter”; https://share.scb.se/ov9993/data/historisk%20statistik/SOS%201911-/Befolkningsstatistik/Folkm%C3%A4ngden%20inom%20administrativa%20omr%C3%A5den%20%28SOS%29%201910-1961/Folkm%C3%A4ngden-inom-administrativa-omr%C3%A5den-1927.pdf","The source has one Vännäs kommun 1863-1990 and so conflates Vännäs landskommun (2405) with Vännäs köping (2460, 1928-1970) and Vännäs kommun (2460, from 1971). The link is to that one record and is shared with 2460"
M25,identity,municipality,SCB:2103,Ovansjö landskommun,1863-01-01,1970-12-31,{F050016C-D642-46EB-9C60-A3026B92F3EF},"SCB, Folkmängden inom administrativa områden den 31 december 1950 (SOS), Anm. till Gävleborgs län not 1: ”Ovansjö församling omfattar Ovansjö kommun och Storviks köping”; https://share.scb.se/ov9993/data/historisk%20statistik/SOS%201911-/Befolkningsstatistik/Folkm%C3%A4ngden%20inom%20administrativa%20omr%C3%A5den%20%28SOS%29%201910-1961/Folkm%C3%A4ngden-inom-administrativa-omr%C3%A5den-1950.pdf","Link confirmed: the source unit Ovansjö kommun 1863-1970 is SCB 2103. It covers the whole parish in the source, while 1924-1970 the parish was divided with Storviks köping (2160)"
M26,identity,municipality,SCB:1706,Värmlandsbergs landskommun,1952-01-01,1970-12-31,{F78CA7FC-62A7-4AF9-A8E1-730F9E25C073},"Årsbok för Sveriges kommuner 1951 (SCB), Förteckning över de blivande storkommunerna och deras omfattning, s. 213; https://www.scb.se/contentassets/6a74a52b28994e2bbe23dcdd6754987c/blivande-storkommuner-1.pdf (Värmlands län: Värmlandsberg: Gåsborn, Nordmark, Färnebo och Brattfors)","Link confirmed; the source name is correct. The unit is the 1952 storkommun of Färnebo, Brattfors, Nordmark and Gåsborn"
M27,identity,municipality,SCB:2419,Örträsks landskommun,1887-01-01,1970-12-31,{5B918FED-E29E-4DE5-88FC-FE1531670B10},"SCB, Folkmängd 31.12.1970 enligt indelningen 1.1.1971 (SOS) del 1, bilaga, 24 Västerbottens län: ”24 19 Örträsks och 24 20 Lycksele kommuner har uppgått i 24 81 Lycksele kommun”; https://share.scb.se/OV9993/Data/Historisk%20statistik/SOS%201911-/Befolkningsstatistik/Folkm%C3%A4ngd%20Del%201-2%20Kommuner%20och%20f%C3%B6rsamlingar%20%28SOS%29%201967-1990/Befolkning-Folkmangd-1970-1-Kommuner-och-forsamlingar.pdf",m3a linked 2419 to Lycksele kommun. The source does have Örträsks kommun 1887-1970; use that
M28,identity,municipality,SCB:2520,Tärendö landskommun,1916-01-01,1970-12-31,{0AADA517-9251-4966-9570-5DA4E9F64AFD},"SCB, Folkmängd 31.12.1970 enligt indelningen 1.1.1971 (SOS) del 1, bilaga, 25 Norrbottens län: ”25 19 Korpilombolo, 25 20 Tärendö och 25 22 Junosuando kommuner har uppgått i 25 21 Pajala kommun”; https://share.scb.se/OV9993/Data/Historisk%20statistik/SOS%201911-/Befolkningsstatistik/Folkm%C3%A4ngd%20Del%201-2%20Kommuner%20och%20f%C3%B6rsamlingar%20%28SOS%29%201967-1990/Befolkning-Folkmangd-1970-1-Kommuner-och-forsamlingar.pdf",m3a linked 2520 to Pajala kommun. The source does have Tärendö kommun 1916-1970; use that
M29,identity,parish,{9396A5E9-A0B0-11D3-9E53-009027B0FCE9},Kulltorps församling (F-län),1600-01-01,1990-12-31,{9396A5A4-A0B0-11D3-9E53-009027B0FCE9},"SCB, Folkmängden inom administrativa områden den 31 december 1951 (SOS), Anm. till Jönköpings län not 9: ”Den 1 jan. 1952 överflyttades ett område från Kulltorp till Bredaryds nybildade kommun. Kulltorps förs. är från samma tidpunkt uppdelad på Gnosjö och Bredaryds nybildade kommuner”; https://share.scb.se/ov9993/data/historisk%20statistik/SOS%201911-/Befolkningsstatistik/Folkm%C3%A4ngden%20inom%20administrativa%20omr%C3%A5den%20%28SOS%29%201910-1961/Folkm%C3%A4ngden-inom-administrativa-omr%C3%A5den-1951.pdf","The 17.5 km2 record (ref_code SE/068303000) is not another parish: it is the part of Kulltorps församling that was moved to the newly formed Bredaryds kommun on 1952-01-01, and from 1971 lies in Värnamo kommun. SCB codes both parts Kulltorp, del (061704 in Gnosjö, 068303 in Bredaryd/Värnamo). The two source records together are one parish, the 78.6 km2 record being the Gnosjö part"
M30,same_unit,municipality,{42E47BCD-16BE-4FD4-95CF-0537B72D42FC},Kulltorps kommun,1863-01-01,1951-12-31,{92581FC6-47CD-4E59-8595-E12412CFD1DC},"SCB, Folkmängden inom administrativa områden den 31 december 1951 (SOS), Anm. till Jönköpings län not 9: ”Den 1 jan. 1952 överflyttades ett område från Kulltorp till Bredaryds nybildade kommun. Kulltorps förs. är från samma tidpunkt uppdelad på Gnosjö och Bredaryds nybildade kommuner”; https://share.scb.se/ov9993/data/historisk%20statistik/SOS%201911-/Befolkningsstatistik/Folkm%C3%A4ngden%20inom%20administrativa%20omr%C3%A5den%20%28SOS%29%201910-1961/Folkm%C3%A4ngden-inom-administrativa-omr%C3%A5den-1951.pdf",The source has two records named Kulltorps kommun 1863-1951 whose areas are exactly the two parts of the parish created in 1952 (78.6 and 17.5 km2). Kulltorps landskommun was one municipality covering the whole socken until it was dissolved on 1952-01-01 and divided between Gnosjö and Bredaryd
M31,membership,parish,{9396A5A4-A0B0-11D3-9E53-009027B0FCE9},Kulltorps församling (F-län),1863-01-01,1951-12-31,{42E47BCD-16BE-4FD4-95CF-0537B72D42FC},"SCB, Folkmängden inom administrativa områden den 31 december 1951 (SOS), Anm. till Jönköpings län not 9: ”Den 1 jan. 1952 överflyttades ett område från Kulltorp till Bredaryds nybildade kommun. Kulltorps förs. är från samma tidpunkt uppdelad på Gnosjö och Bredaryds nybildade kommuner”; https://share.scb.se/ov9993/data/historisk%20statistik/SOS%201911-/Befolkningsstatistik/Folkm%C3%A4ngden%20inom%20administrativa%20omr%C3%A5den%20%28SOS%29%201910-1961/Folkm%C3%A4ngden-inom-administrativa-omr%C3%A5den-1951.pdf",Whole parish in Kulltorps landskommun before the 1952 division
M32,membership,parish,{9396A5E9-A0B0-11D3-9E53-009027B0FCE9},Kulltorps församling (F-län),1863-01-01,1951-12-31,{42E47BCD-16BE-4FD4-95CF-0537B72D42FC},"SCB, Folkmängden inom administrativa områden den 31 december 1951 (SOS), Anm. till Jönköpings län not 9: ”Den 1 jan. 1952 överflyttades ett område från Kulltorp till Bredaryds nybildade kommun. Kulltorps förs. är från samma tidpunkt uppdelad på Gnosjö och Bredaryds nybildade kommuner”; https://share.scb.se/ov9993/data/historisk%20statistik/SOS%201911-/Befolkningsstatistik/Folkm%C3%A4ngden%20inom%20administrativa%20omr%C3%A5den%20%28SOS%29%201910-1961/Folkm%C3%A4ngden-inom-administrativa-omr%C3%A5den-1951.pdf",Same as M31 for the other source record of the same parish
M33,membership,parish,{9396A5A4-A0B0-11D3-9E53-009027B0FCE9},Kulltorps församling (F-län),1952-01-01,1990-12-31,{9396A5A0-A0B0-11D3-9E53-009027B0FCE9},"SCB, Folkmängden inom administrativa områden den 31 december 1952 (SOS), Anm. till Jönköpings län not 3: ”Kulltorps förs. är uppdelad på Gnosjö och Bredaryds kommuner”; https://share.scb.se/ov9993/data/historisk%20statistik/SOS%201911-/Befolkningsstatistik/Folkm%C3%A4ngden%20inom%20administrativa%20omr%C3%A5den%20%28SOS%29%201910-1961/Folkm%C3%A4ngden-inom-administrativa-omr%C3%A5den-1952.pdf (repeated in the 1955 and 1960 volumes)","SCB parish code 061704, Kulltorp del, Gnosjö kommun 1952-1990"
M34,membership,parish,{9396A5E9-A0B0-11D3-9E53-009027B0FCE9},Kulltorps församling (F-län),1952-01-01,1970-12-31,{E5FE7DB0-B7F0-4E74-8A6C-6F378BB60B60},"SCB, Folkmängden inom administrativa områden den 31 december 1951 (SOS), Anm. till Jönköpings län not 9: ”Den 1 jan. 1952 överflyttades ett område från Kulltorp till Bredaryds nybildade kommun. Kulltorps förs. är från samma tidpunkt uppdelad på Gnosjö och Bredaryds nybildade kommuner”; https://share.scb.se/ov9993/data/historisk%20statistik/SOS%201911-/Befolkningsstatistik/Folkm%C3%A4ngden%20inom%20administrativa%20omr%C3%A5den%20%28SOS%29%201910-1961/Folkm%C3%A4ngden-inom-administrativa-omr%C3%A5den-1951.pdf","SCB parish code 068303, Kulltorp del, Bredaryds kommun (code 062402) 1952-1970"
M35,membership,parish,{9396A5E9-A0B0-11D3-9E53-009027B0FCE9},Kulltorps församling (F-län),1971-01-01,1990-12-31,{9396A5E6-A0B0-11D3-9E53-009027B0FCE9},"SCB, Folkmängd 31.12.1970 enligt indelningen 1.1.1971 (SOS) del 1, bilaga, 06 Jönköpings län: ”06 24 Bredaryds ... kommuner har uppgått i 06 83 Värnamo kommun”; https://share.scb.se/OV9993/Data/Historisk%20statistik/SOS%201911-/Befolkningsstatistik/Folkm%C3%A4ngd%20Del%201-2%20Kommuner%20och%20f%C3%B6rsamlingar%20%28SOS%29%201967-1990/Befolkning-Folkmangd-1970-1-Kommuner-och-forsamlingar.pdf","SCB parish code 068303, Kulltorp del, Värnamo kommun from 1971"
M36,identity,municipality,,Larvs landskommun,1863-01-01,1951-12-31,no_source_unit,"Årsbok för Sveriges kommuner 1951 (SCB), Förteckning över de blivande storkommunerna och deras omfattning, s. 213; https://www.scb.se/contentassets/6a74a52b28994e2bbe23dcdd6754987c/blivande-storkommuner-1.pdf (Skaraborgs län: Larv: Larv, Längjum och Tråvad)","The source's only Larv municipality record {4E566D73-0C0E-4AE7-8285-3570B8C433B7} starts 1952 and is the storkommun. The landskommun of 1863-1951 has no source record, which is why m3a found no parish link in 1900-1930"
M37,membership,parish,{9396ABE2-A0B0-11D3-9E53-009027B0FCE9},Larvs församling,1863-01-01,1951-12-31,Larvs landskommun,"Folkräkningen den 31 december 1910 (SOS) I. Areal och folkmängd för särskilda förvaltningsområden, tab. 1 (härad, kommuner) och tab. 7 (pastorat); https://share.scb.se/ov9993/data/historisk%20statistik//SOS%201911-/Folk-%20och%20bostadsr%C3%A4kningarna/Folkr%C3%A4kningen%201910-1960/Folkr%C3%A4kningen%201910%20(SOS)/Folkrakningen-1910_1.pdf (tab. 1, 16) Skaraborgs län, Laske härad: Larv 86.61 km2 as a single kommun; tab. 7, 3) Skara stift, pastorat 53 Larv + Längjum + Tråvad + Södra Lundby = 149.25 km2, the sum of the four kommuner's areas, so kommun and församling are coterminous). Confirmed for 1930 by SCB, Folkmängden inom administrativa områden den 31 december 1930 (SOS), tab. 1; https://share.scb.se/ov9993/data/historisk%20statistik/SOS%201911-/Befolkningsstatistik/Folkm%C3%A4ngden%20inom%20administrativa%20omr%C3%A5den%20%28SOS%29%201910-1961/Folkm%C3%A4ngden-inom-administrativa-omr%C3%A5den-1930.pdf (Laske härad: Larv as a single kommun)",Larvs landskommun consisted of Larvs församling alone throughout 1863-1951; Längjums and Tråvads landskommuner joined only at the 1952 reform. 1900 and 1951 are not directly attested; no indelningsändring for Larv appears in the SCB volumes 1910-1951
M38,identity,municipality,,Lärbro landskommun,1863-01-01,1951-12-31,no_source_unit,"Årsbok för Sveriges kommuner 1951 (SCB), Förteckning över de blivande storkommunerna och deras omfattning, s. 213; https://www.scb.se/contentassets/6a74a52b28994e2bbe23dcdd6754987c/blivande-storkommuner-1.pdf (Gotlands län: Lärbro: Hall, Hangvar, Lärbro och Hellvi)",The source's only Lärbro municipality record {18802233-CD4D-4B8B-A5E9-7CC689D91B7E} starts 1952 and is the storkommun. The landskommun of 1863-1951 has no source record
M39,membership,parish,{9396A72D-A0B0-11D3-9E53-009027B0FCE9},Lärbro församling,1863-01-01,1951-12-31,Lärbro landskommun,"Folkräkningen den 31 december 1910 (SOS) I. Areal och folkmängd för särskilda förvaltningsområden, tab. 1 (härad, kommuner) och tab. 7 (pastorat); https://share.scb.se/ov9993/data/historisk%20statistik//SOS%201911-/Folk-%20och%20bostadsr%C3%A4kningarna/Folkr%C3%A4kningen%201910-1960/Folkr%C3%A4kningen%201910%20(SOS)/Folkrakningen-1910_1.pdf (tab. 1, 9) Gottlands län, Gottlands norra härad, Forsa ting: Lärbro 104.11 km2 as a single kommun, Hellvi 39.62 km2; tab. 7, 13) Visby stift, pastorat 21 Lärbro + Hellvi = 143.73 km2 = 104.11 + 39.62, so kommun and församling are coterminous). Confirmed for 1930 by SCB, Folkmängden inom administrativa områden den 31 december 1930 (SOS), tab. 1; https://share.scb.se/ov9993/data/historisk%20statistik/SOS%201911-/Befolkningsstatistik/Folkm%C3%A4ngden%20inom%20administrativa%20omr%C3%A5den%20%28SOS%29%201910-1961/Folkm%C3%A4ngden-inom-administrativa-omr%C3%A5den-1930.pdf (Gotlands län: Lärbro 1 424 inv. as a single kommun beside Hall, Hangvar and Hellvi)","Lärbro landskommun consisted of Lärbro församling alone throughout 1863-1951, as every Gotland socken did; Hall, Hangvar and Hellvi joined only at the 1952 reform"
M40,name,parish,{9396A5CA-A0B0-11D3-9E53-009027B0FCE9},Norrahammars församling,1943-01-01,1990-12-31,,"SCB, Folkmängden inom administrativa områden den 31 december 1942 (SOS), Anm. till Jönköpings län not 11: ”Den 1 jan. 1943 bildades Norrahammars köping och församling av större delen av Sandseryd med 1 686 inv. och ett område av Barnarp med 2 238 inv. Samtidigt överflyttades återstoden av Sandseryd med 33 inv. till Månsarp”; https://share.scb.se/ov9993/data/historisk%20statistik/SOS%201911-/Befolkningsstatistik/Folkm%C3%A4ngden%20inom%20administrativa%20omr%C3%A5den%20%28SOS%29%201910-1961/Folkm%C3%A4ngden-inom-administrativa-omr%C3%A5den-1942.pdf","The source dates the record 1600-1990. Norrahammars församling did not exist before 1943-01-01, and its territory is most of Sandseryd plus a part of Barnarp"
M41,name,parish,{9396A5CA-A0B0-11D3-9E53-009027B0FCE9},Sandseryds församling,,1942-12-31,,"SCB, Folkmängden inom administrativa områden den 31 december 1942 (SOS), Anm. till Jönköpings län not 11: ”Den 1 jan. 1943 bildades Norrahammars köping och församling av större delen av Sandseryd”; https://share.scb.se/ov9993/data/historisk%20statistik/SOS%201911-/Befolkningsstatistik/Folkm%C3%A4ngden%20inom%20administrativa%20omr%C3%A5den%20%28SOS%29%201910-1961/Folkm%C3%A4ngden-inom-administrativa-omr%C3%A5den-1942.pdf","Inference, not established: the source has no Sandseryds församling record at all, so the record that carries Norrahammar must be Sandseryd before 1943. Start not researched, hence empty. The polygon is the post-1943 territory, which is not identical to Sandseryd's"
G01,membership,county,{DA7BD231-ED99-4633-B960-7ABE7820CFA9},Gotlands län,1646,1990,{35503DDB-0541-422B-990F-BF7D2032F5E9},"swehist 1.1.1 step4f (Gotland under Svea hovrätt from 1646); Sveriges statskalender 1866 p147, 1881 p108, 1905 p116, 1931 p166 all list the Gotland domsagor under Svea hovrätt; Riksarkivet Förvaltningshistorik (Gotlands län)","Gotland came to Sweden by the peace of Brömsebro in 1645 and was placed under Svea hovrätt; the source has Göta hovrätt until 1947. The county stands for its parishes (group child), which is every parish on Gotland. Clipped to Svea hovrätt's own period, so it takes effect in 1687."
G02,membership,hundred,{4BB9F403-F036-44AA-AD63-1616004765ED},Norra härad (I-län),1646,1990,{35503DDB-0541-422B-990F-BF7D2032F5E9},Same as G01,"The northern härad of Gotland, for the years before the county polygon starts in 1720."
G03,membership,hundred,{8A7093EC-2E72-4023-96EF-9C5138F90242},Södra härad (I-län),1646,1990,{35503DDB-0541-422B-990F-BF7D2032F5E9},Same as G01,"The southern härad of Gotland, for the years before the county polygon starts in 1720."
G04,membership,hundred,{DF1C217C-038B-447F-B633-FD1050BDFF06},Visby stad,1811,1935,{35503DDB-0541-422B-990F-BF7D2032F5E9},Same as G01,"Visby stood outside the härader, so its own parishes need the link; its rådhusrätt was under Svea hovrätt like the rest of Gotland."
