# corrections_diocese.csv - Stockholm and the dioceses (decided by me, Johan Junkka,
# 2026-09-25: Stockholm as recommended; dioceses as historically correct as possible; Halland
# before 1645 to Lunds stift; Bohuslän before 1658 and Jämtland/Härjedalen before 1645 with no
# diocese). Read together with corrections.csv; read_corrections() in model_helpers.R reads both.
#
# Sources (the short names used in `source`):
#   Hellström 1951: Gunnar Hellström, Stockholms stads herdaminne från reformationen intill
#     tillkomsten av Stockholms stift, Stockholm 1951. Pages read: 20 (the consistory), 45–46 (the
#     list of member parishes), 66 (Bromma), 73 (Brännkyrka), 85 (Enskede), 634–636 (Danviks och
#     Sicklaö). https://runeberg.org/sthlmherd/
#   RA Förvaltningshistorik: Riksarkivet, Förvaltningshistorik, ch. 6 "Statskyrkan", sections 4–5.
#     https://forvaltningshistorik.riksarkivet.se/06_Statskyrkan.htm
#   SFS 1942:237: Kungl. Maj:ts kungörelse 15 May 1942 med vissa bestämmelser i anledning av
#     inrättandet av Stockholms stift.
#   SvD årsbok 1943: Svenska Dagbladets årsbok 1943, p. 112 (the new kontrakt of Stockholms stift).
#     https://runeberg.org/svda/1943/0112.html
#   BiSOS A 1880: Bidrag till Sveriges officiella statistik A, Befolkningsstatistik 1880, part 2,
#     Tab. 4–5.
#   Göteborgs kommunalkalender 1938: p. 381, the composition of Göteborgs stift by period (quoted
#     by sv.wikipedia Göteborgs stift).
#   Karlstads stifts historia: Svenska kyrkan, https://svenskakyrkan.se/karlstadsstift/historik.
#   Skara stifts historia: sv.wikipedia Skara stift, "Historia" (after Bexell, Skara stifts
#     historia).
#   Viken: sv.wikipedia Viken (historiskt område), "Administrativ historik" (after Nordisk
#     familjebok and Lönnroth, Bohusläns historia).
#   SCB 1910: SCB, Folkräkningen den 31 december 1910, part 1, pp. 26–30, 224–225 (Kalmar stift: 7
#     kontrakt, 45 pastorat, 69 församlingar at its end).
#
# Columns and kinds are those of corrections.csv, plus two things the pipeline cannot consume yet
# (September 2026) and that are reported to the coordinator:
#   kind = period      the unit's real lifetime, where the source register's dates are wrong
#                      (a diocese record dated from the year a daughter diocese was split off,
#                      a kontrakt dated 0-9999 that was created in 1943). Belongs in m1, which
#                      must also relax a register link (Tbl_topografi_rel) whose start year is
#                      the record's old start year.
#   value = none:<type>  the child had no parent of that type in that period (foreign territory).
# Also needed: membership rows whose child is a contract, meaning 'every parish of that contract
# in that period', and a parish row beating a contract row for the same parish (Tuve).
# A unit the source has no record for is written as an `identity` row keyed CORR:<slug> in
# topo_id (as in corrections_hundred.csv), and `membership` rows name it in `value` by its name,
# which is how m1 and m3 resolve such a unit today (by type_id and name). Either key works.
# Dates are full dates. The model resolves membership by year, so a change dated 1942-07-01 is
# encoded as the year 1942 and the real date is given in the note.
id,kind,type_id,topo_id,name,start,end,value,source,note
S01,identity,diocese,CORR:sthlm_konsistorium,Stockholms stads konsistorium,1600-01-01,1941-12-31,no_source_unit,"Hellström 1951, Stockholms stads herdaminne, s. 20 (runeberg.org/sthlmherd/0021.html); Riksarkivet Förvaltningshistorik kap. 6.5 (forvaltningshistorik.riksarkivet.se/06_Statskyrkan.htm); BiSOS A 1880 del 2 Tab. 4-5","The city parishes were under the consistory (from 1595, sanctioned 1650) and not under a stift; BiSOS 1880 counts it as a 13th unit beside the 12 stift. Renamed Stockholms domkapitel (domkapitlet för Stockholms stad) 1937-01-01 (lag 1936-11-13); Stockholms stift from 1942-07-01, so the unit is modelled 1600-1941"
S02,name,diocese,CORR:sthlm_konsistorium,Stockholms stads konsistorium,1600-01-01,1941-12-31,,"Hellström 1951, Stockholms stads herdaminne, s. 20 (runeberg.org/sthlmherd/0021.html)",One name for the whole period; the 1937-41 name was Stockholms domkapitel
S03,identity,contract,CORR:sthlm_kontrakt_1942,Stockholms kontrakt,1942-01-01,1942-12-31,no_source_unit,"SFS 1942:237, punkt 1:o a (Kungl. Maj:ts kungörelse 15/5 1942)","Stockholms stift was divided into five kontrakt from 1942-07-01, one of them Stockholms kontrakt, 'omfattande församlingarna inom Stockholms stad'. It ran to 1943-09-30; modelled as the year 1942 because the model is annual"
S04,name,contract,CORR:sthlm_kontrakt_1942,Stockholms kontrakt,1942-01-01,1942-12-31,,"SFS 1942:237, punkt 1:o a (Kungl. Maj:ts kungörelse 15/5 1942)",
S05,period,contract,{47F0B475-FBEE-4525-9853-DDD624E0CDAE},Domprosteriet,1943-01-01,1990-12-31,,"Svenska Dagbladets årsbok 1943, s. 112 (runeberg.org/svda/1943/0112.html); SFS 1942:237, punkt 1:o a (Kungl. Maj:ts kungörelse 15/5 1942)","Source record is 0-9999. The Stockholm Domprosteriet was created with the new kontraktsindelning of Stockholms stift, in force 1943-10-01; before 1942 the city parishes had no kontrakt at all"
S06,period,contract,{AB7D832E-48E8-4AC6-BBF6-E744132A9985},Stockholms norra kontrakt,1943-01-01,1990-12-31,,"Svenska Dagbladets årsbok 1943, s. 112 (runeberg.org/svda/1943/0112.html)",Source record is 0-9999. In force from 1943-10-01 (first kontraktsprost appointed Sept 1943)
S07,membership,parish,{9396A367-A0B0-11D3-9E53-009027B0FCE9},Stockholms domkyrkoförsamling,1600-01-01,1941-12-31,Stockholms stads konsistorium,"Hellström 1951, Stockholms stads herdaminne, s. 20 (runeberg.org/sthlmherd/0021.html)","Stockholms domkyrkoförsamling (S:t Nikolai); the source lumps Klara, Jakob and Riddarholmen into it"
S08,membership,parish,{9396A371-A0B0-11D3-9E53-009027B0FCE9},Hedvig Eleonora församling,1600-01-01,1941-12-31,Stockholms stads konsistorium,"Hellström 1951, Stockholms stads herdaminne, s. 20 (runeberg.org/sthlmherd/0021.html)",
S09,membership,parish,{9396A374-A0B0-11D3-9E53-009027B0FCE9},Maria Magdalena församling,1600-01-01,1941-12-31,Stockholms stads konsistorium,"Hellström 1951, Stockholms stads herdaminne, s. 20 (runeberg.org/sthlmherd/0021.html)",
S10,membership,parish,{9396A378-A0B0-11D3-9E53-009027B0FCE9},Katarina församling,1654-01-01,1941-12-31,Stockholms stads konsistorium,"Hellström 1951, Stockholms stads herdaminne, s. 20 (runeberg.org/sthlmherd/0021.html)",Split from Maria Magdalena 1654
S11,membership,parish,{9396A37B-A0B0-11D3-9E53-009027B0FCE9},Kungsholm eller Ulrika Eleonora,1671-01-01,1941-12-31,Stockholms stads konsistorium,"Hellström 1951, Stockholms stads herdaminne, s. 20 (runeberg.org/sthlmherd/0021.html)",
S12,membership,parish,{9396A36C-A0B0-11D3-9E53-009027B0FCE9},Adolf Fredriks församling,1675-01-01,1941-12-31,Stockholms stads konsistorium,"Hellström 1951, Stockholms stads herdaminne, s. 20 (runeberg.org/sthlmherd/0021.html)",
S13,membership,parish,{9396A36E-A0B0-11D3-9E53-009027B0FCE9},Gustav Vasa församling,1906-01-01,1941-12-31,Stockholms stads konsistorium,"Hellström 1951, Stockholms stads herdaminne, s. 20 (runeberg.org/sthlmherd/0021.html)",
S14,membership,parish,{9396A36F-A0B0-11D3-9E53-009027B0FCE9},Matteus församling (AB-län),1906-01-01,1941-12-31,Stockholms stads konsistorium,"Hellström 1951, Stockholms stads herdaminne, s. 20 (runeberg.org/sthlmherd/0021.html)",
S15,membership,parish,{9396A370-A0B0-11D3-9E53-009027B0FCE9},Engelbrekts församling,1906-01-01,1941-12-31,Stockholms stads konsistorium,"Hellström 1951, Stockholms stads herdaminne, s. 20 (runeberg.org/sthlmherd/0021.html)",
S16,membership,parish,{9396A373-A0B0-11D3-9E53-009027B0FCE9},Oscars församling,1906-01-01,1941-12-31,Stockholms stads konsistorium,"Hellström 1951, Stockholms stads herdaminne, s. 20 (runeberg.org/sthlmherd/0021.html)",
S17,membership,parish,{9396A36B-A0B0-11D3-9E53-009027B0FCE9},Johannes församling,1907-01-01,1941-12-31,Stockholms stads konsistorium,"Hellström 1951, Stockholms stads herdaminne, s. 20 (runeberg.org/sthlmherd/0021.html)",
S18,membership,parish,{9396A37A-A0B0-11D3-9E53-009027B0FCE9},Sofia församling (AB-län),1917-01-01,1941-12-31,Stockholms stads konsistorium,"Hellström 1951, Stockholms stads herdaminne, s. 20 (runeberg.org/sthlmherd/0021.html)",
S19,membership,parish,{9396A377-A0B0-11D3-9E53-009027B0FCE9},Högalids församling,1925-01-01,1941-12-31,Stockholms stads konsistorium,"Hellström 1951, Stockholms stads herdaminne, s. 20 (runeberg.org/sthlmherd/0021.html)",
S20,membership,parish,{9396A37D-A0B0-11D3-9E53-009027B0FCE9},Sankt Görans församling,1925-01-01,1941-12-31,Stockholms stads konsistorium,"Hellström 1951, Stockholms stads herdaminne, s. 20 (runeberg.org/sthlmherd/0021.html)",
S21,membership,parish,{9396A37E-A0B0-11D3-9E53-009027B0FCE9},Brännkyrka församling,1914-01-01,1941-12-31,Stockholms stads konsistorium,"Hellström 1951, Stockholms stads herdaminne, s. 73 (runeberg.org/sthlmherd/0074.html)","Brännkyrka: Strängnäs stift until 1914; under the consistory from 1914-05-01, the year after the civil incorporation in Stockholm"
S22,membership,parish,{9396A384-A0B0-11D3-9E53-009027B0FCE9},Bromma församling (AB-län),1917-01-01,1941-12-31,Stockholms stads konsistorium,"Hellström 1951, Stockholms stads herdaminne, s. 66 (runeberg.org/sthlmherd/0067.html)",Bromma: Uppsala ärkestift until 1917; under the consistory from 1917-05-01
S23,membership,parish,{9396A38A-A0B0-11D3-9E53-009027B0FCE9},Enskede församling,1931-01-01,1941-12-31,Stockholms stads konsistorium,"Hellström 1951, Stockholms stads herdaminne, s. 85 (runeberg.org/sthlmherd/0086.html)","Enskede: split from Brännkyrka 1931-01-01, own pastorat from 1931-05-01"
S24,membership,parish,{9396A367-A0B0-11D3-9E53-009027B0FCE9},Stockholms domkyrkoförsamling,1942-01-01,1990-12-31,{9F67C0D0-E45C-4268-AE0B-A58CCC8A8249},"SFS 1942:237, punkt 1:o a (Kungl. Maj:ts kungörelse 15/5 1942)","Stockholms stift from 1942-07-01; needed because Maria Magdalena, Katarina, Sofia and Högalid have no kontrakt in any year and so no diocese, and because the city kontrakt only start in 1943"
S25,membership,parish,{9396A371-A0B0-11D3-9E53-009027B0FCE9},Hedvig Eleonora församling,1942-01-01,1990-12-31,{9F67C0D0-E45C-4268-AE0B-A58CCC8A8249},"SFS 1942:237, punkt 1:o a (Kungl. Maj:ts kungörelse 15/5 1942)","Stockholms stift from 1942-07-01; needed because Maria Magdalena, Katarina, Sofia and Högalid have no kontrakt in any year and so no diocese, and because the city kontrakt only start in 1943"
S26,membership,parish,{9396A374-A0B0-11D3-9E53-009027B0FCE9},Maria Magdalena församling,1942-01-01,1990-12-31,{9F67C0D0-E45C-4268-AE0B-A58CCC8A8249},"SFS 1942:237, punkt 1:o a (Kungl. Maj:ts kungörelse 15/5 1942)","Stockholms stift from 1942-07-01; needed because Maria Magdalena, Katarina, Sofia and Högalid have no kontrakt in any year and so no diocese, and because the city kontrakt only start in 1943"
S27,membership,parish,{9396A378-A0B0-11D3-9E53-009027B0FCE9},Katarina församling,1942-01-01,1990-12-31,{9F67C0D0-E45C-4268-AE0B-A58CCC8A8249},"SFS 1942:237, punkt 1:o a (Kungl. Maj:ts kungörelse 15/5 1942)","Stockholms stift from 1942-07-01; needed because Maria Magdalena, Katarina, Sofia and Högalid have no kontrakt in any year and so no diocese, and because the city kontrakt only start in 1943"
S28,membership,parish,{9396A37B-A0B0-11D3-9E53-009027B0FCE9},Kungsholm eller Ulrika Eleonora,1942-01-01,1990-12-31,{9F67C0D0-E45C-4268-AE0B-A58CCC8A8249},"SFS 1942:237, punkt 1:o a (Kungl. Maj:ts kungörelse 15/5 1942)","Stockholms stift from 1942-07-01; needed because Maria Magdalena, Katarina, Sofia and Högalid have no kontrakt in any year and so no diocese, and because the city kontrakt only start in 1943"
S29,membership,parish,{9396A36C-A0B0-11D3-9E53-009027B0FCE9},Adolf Fredriks församling,1942-01-01,1990-12-31,{9F67C0D0-E45C-4268-AE0B-A58CCC8A8249},"SFS 1942:237, punkt 1:o a (Kungl. Maj:ts kungörelse 15/5 1942)","Stockholms stift from 1942-07-01; needed because Maria Magdalena, Katarina, Sofia and Högalid have no kontrakt in any year and so no diocese, and because the city kontrakt only start in 1943"
S30,membership,parish,{9396A36E-A0B0-11D3-9E53-009027B0FCE9},Gustav Vasa församling,1942-01-01,1990-12-31,{9F67C0D0-E45C-4268-AE0B-A58CCC8A8249},"SFS 1942:237, punkt 1:o a (Kungl. Maj:ts kungörelse 15/5 1942)","Stockholms stift from 1942-07-01; needed because Maria Magdalena, Katarina, Sofia and Högalid have no kontrakt in any year and so no diocese, and because the city kontrakt only start in 1943"
S31,membership,parish,{9396A36F-A0B0-11D3-9E53-009027B0FCE9},Matteus församling (AB-län),1942-01-01,1990-12-31,{9F67C0D0-E45C-4268-AE0B-A58CCC8A8249},"SFS 1942:237, punkt 1:o a (Kungl. Maj:ts kungörelse 15/5 1942)","Stockholms stift from 1942-07-01; needed because Maria Magdalena, Katarina, Sofia and Högalid have no kontrakt in any year and so no diocese, and because the city kontrakt only start in 1943"
S32,membership,parish,{9396A370-A0B0-11D3-9E53-009027B0FCE9},Engelbrekts församling,1942-01-01,1990-12-31,{9F67C0D0-E45C-4268-AE0B-A58CCC8A8249},"SFS 1942:237, punkt 1:o a (Kungl. Maj:ts kungörelse 15/5 1942)","Stockholms stift from 1942-07-01; needed because Maria Magdalena, Katarina, Sofia and Högalid have no kontrakt in any year and so no diocese, and because the city kontrakt only start in 1943"
S33,membership,parish,{9396A373-A0B0-11D3-9E53-009027B0FCE9},Oscars församling,1942-01-01,1990-12-31,{9F67C0D0-E45C-4268-AE0B-A58CCC8A8249},"SFS 1942:237, punkt 1:o a (Kungl. Maj:ts kungörelse 15/5 1942)","Stockholms stift from 1942-07-01; needed because Maria Magdalena, Katarina, Sofia and Högalid have no kontrakt in any year and so no diocese, and because the city kontrakt only start in 1943"
S34,membership,parish,{9396A36B-A0B0-11D3-9E53-009027B0FCE9},Johannes församling,1942-01-01,1990-12-31,{9F67C0D0-E45C-4268-AE0B-A58CCC8A8249},"SFS 1942:237, punkt 1:o a (Kungl. Maj:ts kungörelse 15/5 1942)","Stockholms stift from 1942-07-01; needed because Maria Magdalena, Katarina, Sofia and Högalid have no kontrakt in any year and so no diocese, and because the city kontrakt only start in 1943"
S35,membership,parish,{9396A37A-A0B0-11D3-9E53-009027B0FCE9},Sofia församling (AB-län),1942-01-01,1990-12-31,{9F67C0D0-E45C-4268-AE0B-A58CCC8A8249},"SFS 1942:237, punkt 1:o a (Kungl. Maj:ts kungörelse 15/5 1942)","Stockholms stift from 1942-07-01; needed because Maria Magdalena, Katarina, Sofia and Högalid have no kontrakt in any year and so no diocese, and because the city kontrakt only start in 1943"
S36,membership,parish,{9396A377-A0B0-11D3-9E53-009027B0FCE9},Högalids församling,1942-01-01,1990-12-31,{9F67C0D0-E45C-4268-AE0B-A58CCC8A8249},"SFS 1942:237, punkt 1:o a (Kungl. Maj:ts kungörelse 15/5 1942)","Stockholms stift from 1942-07-01; needed because Maria Magdalena, Katarina, Sofia and Högalid have no kontrakt in any year and so no diocese, and because the city kontrakt only start in 1943"
S37,membership,parish,{9396A37D-A0B0-11D3-9E53-009027B0FCE9},Sankt Görans församling,1942-01-01,1990-12-31,{9F67C0D0-E45C-4268-AE0B-A58CCC8A8249},"SFS 1942:237, punkt 1:o a (Kungl. Maj:ts kungörelse 15/5 1942)","Stockholms stift from 1942-07-01; needed because Maria Magdalena, Katarina, Sofia and Högalid have no kontrakt in any year and so no diocese, and because the city kontrakt only start in 1943"
S38,membership,parish,{9396A37E-A0B0-11D3-9E53-009027B0FCE9},Brännkyrka församling,1942-01-01,1990-12-31,{9F67C0D0-E45C-4268-AE0B-A58CCC8A8249},"SFS 1942:237, punkt 1:o a (Kungl. Maj:ts kungörelse 15/5 1942)","Stockholms stift from 1942-07-01; needed because Maria Magdalena, Katarina, Sofia and Högalid have no kontrakt in any year and so no diocese, and because the city kontrakt only start in 1943"
S39,membership,parish,{9396A384-A0B0-11D3-9E53-009027B0FCE9},Bromma församling (AB-län),1942-01-01,1990-12-31,{9F67C0D0-E45C-4268-AE0B-A58CCC8A8249},"SFS 1942:237, punkt 1:o a (Kungl. Maj:ts kungörelse 15/5 1942)","Stockholms stift from 1942-07-01; needed because Maria Magdalena, Katarina, Sofia and Högalid have no kontrakt in any year and so no diocese, and because the city kontrakt only start in 1943"
S40,membership,parish,{9396A38A-A0B0-11D3-9E53-009027B0FCE9},Enskede församling,1942-01-01,1990-12-31,{9F67C0D0-E45C-4268-AE0B-A58CCC8A8249},"SFS 1942:237, punkt 1:o a (Kungl. Maj:ts kungörelse 15/5 1942)","Stockholms stift from 1942-07-01; needed because Maria Magdalena, Katarina, Sofia and Högalid have no kontrakt in any year and so no diocese, and because the city kontrakt only start in 1943"
S41,membership,parish,{9396A367-A0B0-11D3-9E53-009027B0FCE9},Stockholms domkyrkoförsamling,1942-01-01,1942-12-31,Stockholms kontrakt,"SFS 1942:237, punkt 1:o a (Kungl. Maj:ts kungörelse 15/5 1942)",Stockholms kontrakt 1942-07-01 - 1943-09-30
S42,membership,parish,{9396A371-A0B0-11D3-9E53-009027B0FCE9},Hedvig Eleonora församling,1942-01-01,1942-12-31,Stockholms kontrakt,"SFS 1942:237, punkt 1:o a (Kungl. Maj:ts kungörelse 15/5 1942)",Stockholms kontrakt 1942-07-01 - 1943-09-30
S43,membership,parish,{9396A374-A0B0-11D3-9E53-009027B0FCE9},Maria Magdalena församling,1942-01-01,1942-12-31,Stockholms kontrakt,"SFS 1942:237, punkt 1:o a (Kungl. Maj:ts kungörelse 15/5 1942)",Stockholms kontrakt 1942-07-01 - 1943-09-30
S44,membership,parish,{9396A378-A0B0-11D3-9E53-009027B0FCE9},Katarina församling,1942-01-01,1942-12-31,Stockholms kontrakt,"SFS 1942:237, punkt 1:o a (Kungl. Maj:ts kungörelse 15/5 1942)",Stockholms kontrakt 1942-07-01 - 1943-09-30
S45,membership,parish,{9396A37B-A0B0-11D3-9E53-009027B0FCE9},Kungsholm eller Ulrika Eleonora,1942-01-01,1942-12-31,Stockholms kontrakt,"SFS 1942:237, punkt 1:o a (Kungl. Maj:ts kungörelse 15/5 1942)",Stockholms kontrakt 1942-07-01 - 1943-09-30
S46,membership,parish,{9396A36C-A0B0-11D3-9E53-009027B0FCE9},Adolf Fredriks församling,1942-01-01,1942-12-31,Stockholms kontrakt,"SFS 1942:237, punkt 1:o a (Kungl. Maj:ts kungörelse 15/5 1942)",Stockholms kontrakt 1942-07-01 - 1943-09-30
S47,membership,parish,{9396A36E-A0B0-11D3-9E53-009027B0FCE9},Gustav Vasa församling,1942-01-01,1942-12-31,Stockholms kontrakt,"SFS 1942:237, punkt 1:o a (Kungl. Maj:ts kungörelse 15/5 1942)",Stockholms kontrakt 1942-07-01 - 1943-09-30
S48,membership,parish,{9396A36F-A0B0-11D3-9E53-009027B0FCE9},Matteus församling (AB-län),1942-01-01,1942-12-31,Stockholms kontrakt,"SFS 1942:237, punkt 1:o a (Kungl. Maj:ts kungörelse 15/5 1942)",Stockholms kontrakt 1942-07-01 - 1943-09-30
S49,membership,parish,{9396A370-A0B0-11D3-9E53-009027B0FCE9},Engelbrekts församling,1942-01-01,1942-12-31,Stockholms kontrakt,"SFS 1942:237, punkt 1:o a (Kungl. Maj:ts kungörelse 15/5 1942)",Stockholms kontrakt 1942-07-01 - 1943-09-30
S50,membership,parish,{9396A373-A0B0-11D3-9E53-009027B0FCE9},Oscars församling,1942-01-01,1942-12-31,Stockholms kontrakt,"SFS 1942:237, punkt 1:o a (Kungl. Maj:ts kungörelse 15/5 1942)",Stockholms kontrakt 1942-07-01 - 1943-09-30
S51,membership,parish,{9396A36B-A0B0-11D3-9E53-009027B0FCE9},Johannes församling,1942-01-01,1942-12-31,Stockholms kontrakt,"SFS 1942:237, punkt 1:o a (Kungl. Maj:ts kungörelse 15/5 1942)",Stockholms kontrakt 1942-07-01 - 1943-09-30
S52,membership,parish,{9396A37A-A0B0-11D3-9E53-009027B0FCE9},Sofia församling (AB-län),1942-01-01,1942-12-31,Stockholms kontrakt,"SFS 1942:237, punkt 1:o a (Kungl. Maj:ts kungörelse 15/5 1942)",Stockholms kontrakt 1942-07-01 - 1943-09-30
S53,membership,parish,{9396A377-A0B0-11D3-9E53-009027B0FCE9},Högalids församling,1942-01-01,1942-12-31,Stockholms kontrakt,"SFS 1942:237, punkt 1:o a (Kungl. Maj:ts kungörelse 15/5 1942)",Stockholms kontrakt 1942-07-01 - 1943-09-30
S54,membership,parish,{9396A37D-A0B0-11D3-9E53-009027B0FCE9},Sankt Görans församling,1942-01-01,1942-12-31,Stockholms kontrakt,"SFS 1942:237, punkt 1:o a (Kungl. Maj:ts kungörelse 15/5 1942)",Stockholms kontrakt 1942-07-01 - 1943-09-30
S55,membership,parish,{9396A37E-A0B0-11D3-9E53-009027B0FCE9},Brännkyrka församling,1942-01-01,1942-12-31,Stockholms kontrakt,"SFS 1942:237, punkt 1:o a (Kungl. Maj:ts kungörelse 15/5 1942)",Stockholms kontrakt 1942-07-01 - 1943-09-30
S56,membership,parish,{9396A384-A0B0-11D3-9E53-009027B0FCE9},Bromma församling (AB-län),1942-01-01,1942-12-31,Stockholms kontrakt,"SFS 1942:237, punkt 1:o a (Kungl. Maj:ts kungörelse 15/5 1942)",Stockholms kontrakt 1942-07-01 - 1943-09-30
S57,membership,parish,{9396A38A-A0B0-11D3-9E53-009027B0FCE9},Enskede församling,1942-01-01,1942-12-31,Stockholms kontrakt,"SFS 1942:237, punkt 1:o a (Kungl. Maj:ts kungörelse 15/5 1942)",Stockholms kontrakt 1942-07-01 - 1943-09-30
D001,period,diocese,{D7DFA02E-B2D5-496D-A571-76F9B7D1D487},Uppsala ärkestift,1600-01-01,1990-12-31,,"Riksarkivet Förvaltningshistorik kap. 6.5 (forvaltningshistorik.riksarkivet.se/06_Statskyrkan.htm); Nordisk familjebok, Uppsala ärkestift","Source record starts 1647, which is the year Härnösands stift was separated from the archdiocese, not the archdiocese's start (archbishopric from 1164). Without this Norrland has no diocese before 1647"
D002,period,diocese,{77052D38-6244-446D-8783-C70CF71066E0},Linköpings stift,1600-01-01,1990-12-31,,Riksarkivet Förvaltningshistorik kap. 6.5 (forvaltningshistorik.riksarkivet.se/06_Statskyrkan.htm),Source record starts 1615; the diocese is medieval (domkapitel 1232)
D003,period,diocese,{A8E408E9-126F-44AC-83F0-63BF26333233},Skara stift,1600-01-01,1990-12-31,,Riksarkivet Förvaltningshistorik kap. 6.5 (forvaltningshistorik.riksarkivet.se/06_Statskyrkan.htm),"Source record starts 1630; Skara is the oldest Swedish diocese (11th century, domkapitel 1257)"
D004,period,diocese,{0DF7BF96-9C64-4BC7-A503-805B5363E5AD},Strängnäs stift,1600-01-01,1990-12-31,,Riksarkivet Förvaltningshistorik kap. 6.5 (forvaltningshistorik.riksarkivet.se/06_Statskyrkan.htm),Source record starts 1630; the diocese is medieval (domkapitel 1277)
D005,period,diocese,{AF7748BD-91A7-4A93-98F1-2E963B2BAAB3},Göteborgs stift,1620-01-01,1990-12-31,,"Göteborgs kommunalkalender 1938, s. 381 (via sv.wikipedia Göteborgs stift)","Source record is 0-9999, so the source gives Göteborg all of Halland and Bohuslän from 1600. The superintendentia was created in 1620 from ten härader taken from Skara stift, a bishopric from 1665"
D006,name,diocese,{C187631C-7E83-47EF-9585-4531313958B9},Mariestads superintendentia,1600-01-01,1646-12-31,,"sv.wikipedia Mariestads superintendentia; RA Förvaltningshistorik kap. 6.4; Svenska kyrkan, Karlstads stifts historia (svenskakyrkan.se/karlstadsstift/historik)","The superintendentia was created in 1580/81 out of Skara stift (Värmland plus Vadsbo and Valle härader), seat Mariestad, and moved to Karlstad in 1646/47; it is the same office, so it is the same unit under the swehist 'same unit' rule. The source knows only 'Karlstads stift', 0-9999"
D007,name,diocese,{C187631C-7E83-47EF-9585-4531313958B9},Karlstads superintendentia,1647-01-01,1771-12-31,,"Svenska kyrkan, Karlstads stifts historia (svenskakyrkan.se/karlstadsstift/historik); sv.wikipedia Mariestads superintendentia; RA Förvaltningshistorik kap. 6.4",Seat in Karlstad from 1647 ('Karlstad säte för superintendenten')
D008,name,diocese,{C187631C-7E83-47EF-9585-4531313958B9},Karlstads stift,1772-01-01,1990-12-31,,"Svenska kyrkan, Karlstads stifts historia (svenskakyrkan.se/karlstadsstift/historik)",1772 the superintendent was given the title of bishop
D009,identity,diocese,CORR:kalmar_stift,Kalmar stift,1603-01-01,1914-12-31,no_source_unit,"SCB, Folkräkningen 1910, del 1, s. 26-30, 224-225; RA Förvaltningshistorik kap. 6.5","Superintendentia from 1603, bishopric 1678-04-05, merged into Växjö stift in 1915. The source has only the 13 modern stift; 1.1.1 added Kalmar as a correction in step4e"
D010,name,diocese,CORR:kalmar_stift,Kalmar stift,1603-01-01,1914-12-31,,"SCB, Folkräkningen 1910, del 1, s. 26-30, 224-225; RA Förvaltningshistorik kap. 6.5",Called superintendentia 1603-1678 and stift 1678-1915; one name here
D011,membership,contract,{F0A65145-A900-4D56-93F6-D27CB4886D1C},Norra Möre kontrakt,1603-01-01,1914-12-31,Kalmar stift,"SCB, Folkräkningen 1910, del 1, s. 26-30, 224-225; RA Förvaltningshistorik kap. 6.5","Kalmar stift consisted of the Möre, Stranda, Handbörd and Öland deaneries (7 kontrakt in 1910; the source has 5 records). The register links them to Växjö stift for 1600-1990, which is right only from 1915"
D012,membership,contract,{79E088B3-63DE-403D-BD0C-A0151ACF9C46},Södra Möre kontrakt,1603-01-01,1914-12-31,Kalmar stift,"SCB, Folkräkningen 1910, del 1, s. 26-30, 224-225; RA Förvaltningshistorik kap. 6.5","Kalmar stift consisted of the Möre, Stranda, Handbörd and Öland deaneries (7 kontrakt in 1910; the source has 5 records). The register links them to Växjö stift for 1600-1990, which is right only from 1915"
D013,membership,contract,{17A7DEC2-6E9D-4BA0-A45E-45DA24E044A4},Stranda och Handbörds kontrakt,1603-01-01,1914-12-31,Kalmar stift,"SCB, Folkräkningen 1910, del 1, s. 26-30, 224-225; RA Förvaltningshistorik kap. 6.5","Kalmar stift consisted of the Möre, Stranda, Handbörd and Öland deaneries (7 kontrakt in 1910; the source has 5 records). The register links them to Växjö stift for 1600-1990, which is right only from 1915"
D014,membership,contract,{ED15CB79-55F0-4133-8850-A7F2D5458524},Ölands norra kontrakt,1603-01-01,1914-12-31,Kalmar stift,"SCB, Folkräkningen 1910, del 1, s. 26-30, 224-225; RA Förvaltningshistorik kap. 6.5","Kalmar stift consisted of the Möre, Stranda, Handbörd and Öland deaneries (7 kontrakt in 1910; the source has 5 records). The register links them to Växjö stift for 1600-1990, which is right only from 1915"
D015,membership,contract,{B793254F-F4DC-4F9D-AA0A-604D92D638CD},Ölands södra kontrakt,1603-01-01,1914-12-31,Kalmar stift,"SCB, Folkräkningen 1910, del 1, s. 26-30, 224-225; RA Förvaltningshistorik kap. 6.5","Kalmar stift consisted of the Möre, Stranda, Handbörd and Öland deaneries (7 kontrakt in 1910; the source has 5 records). The register links them to Växjö stift for 1600-1990, which is right only from 1915"
D016,membership,contract,{F0A65145-A900-4D56-93F6-D27CB4886D1C},Norra Möre kontrakt,1600-01-01,1602-12-31,{77052D38-6244-446D-8783-C70CF71066E0},"SCB, Folkräkningen 1910, del 1, s. 26-30, 224-225; RA Förvaltningshistorik kap. 6.5","Möre, Stranda, Handbörd and Öland were Linköpings stift's before Kalmar was separated from it in 1603"
D017,membership,contract,{79E088B3-63DE-403D-BD0C-A0151ACF9C46},Södra Möre kontrakt,1600-01-01,1602-12-31,{77052D38-6244-446D-8783-C70CF71066E0},"SCB, Folkräkningen 1910, del 1, s. 26-30, 224-225; RA Förvaltningshistorik kap. 6.5","Möre, Stranda, Handbörd and Öland were Linköpings stift's before Kalmar was separated from it in 1603"
D018,membership,contract,{17A7DEC2-6E9D-4BA0-A45E-45DA24E044A4},Stranda och Handbörds kontrakt,1600-01-01,1602-12-31,{77052D38-6244-446D-8783-C70CF71066E0},"SCB, Folkräkningen 1910, del 1, s. 26-30, 224-225; RA Förvaltningshistorik kap. 6.5","Möre, Stranda, Handbörd and Öland were Linköpings stift's before Kalmar was separated from it in 1603"
D019,membership,contract,{ED15CB79-55F0-4133-8850-A7F2D5458524},Ölands norra kontrakt,1600-01-01,1602-12-31,{77052D38-6244-446D-8783-C70CF71066E0},"SCB, Folkräkningen 1910, del 1, s. 26-30, 224-225; RA Förvaltningshistorik kap. 6.5","Möre, Stranda, Handbörd and Öland were Linköpings stift's before Kalmar was separated from it in 1603"
D020,membership,contract,{B793254F-F4DC-4F9D-AA0A-604D92D638CD},Ölands södra kontrakt,1600-01-01,1602-12-31,{77052D38-6244-446D-8783-C70CF71066E0},"SCB, Folkräkningen 1910, del 1, s. 26-30, 224-225; RA Förvaltningshistorik kap. 6.5","Möre, Stranda, Handbörd and Öland were Linköpings stift's before Kalmar was separated from it in 1603"
D021,membership,contract,{33CBD6CB-D3D7-48F5-8AAB-EBC6B63F8F21},Domprosteriet (Härnösands stift),1600-01-01,1646-12-31,{D7DFA02E-B2D5-496D-A571-76F9B7D1D487},"Riksarkivet Förvaltningshistorik kap. 6.5 (forvaltningshistorik.riksarkivet.se/06_Statskyrkan.htm); Nordisk familjebok, Härnösands stift","Norrland (Medelpad, Ångermanland, Västerbotten, Norrbotten, Lappmarken) belonged to Uppsala ärkestift until Härnösands stift was created in 1647. The Jämtland and Härjedalen kontrakt are deliberately left out: they were Norwegian (Trondheim) until 1645 and get no diocese before Härnösand"
D022,membership,contract,{45C68AC0-7A3E-4823-A2F8-B7E2F9D2B5D5},Ådalens kontrakt,1600-01-01,1646-12-31,{D7DFA02E-B2D5-496D-A571-76F9B7D1D487},"Riksarkivet Förvaltningshistorik kap. 6.5 (forvaltningshistorik.riksarkivet.se/06_Statskyrkan.htm); Nordisk familjebok, Härnösands stift","Norrland (Medelpad, Ångermanland, Västerbotten, Norrbotten, Lappmarken) belonged to Uppsala ärkestift until Härnösands stift was created in 1647. The Jämtland and Härjedalen kontrakt are deliberately left out: they were Norwegian (Trondheim) until 1645 and get no diocese before Härnösand"
D023,membership,contract,{8BAA84BE-4E42-4E75-8F00-F8ACA3958E61},Ramsele kontrakt,1600-01-01,1646-12-31,{D7DFA02E-B2D5-496D-A571-76F9B7D1D487},"Riksarkivet Förvaltningshistorik kap. 6.5 (forvaltningshistorik.riksarkivet.se/06_Statskyrkan.htm); Nordisk familjebok, Härnösands stift","Norrland (Medelpad, Ångermanland, Västerbotten, Norrbotten, Lappmarken) belonged to Uppsala ärkestift until Härnösands stift was created in 1647. The Jämtland and Härjedalen kontrakt are deliberately left out: they were Norwegian (Trondheim) until 1645 and get no diocese before Härnösand"
D024,membership,contract,{60C1043B-D748-46F1-94A8-97AA96BB43B9},Sollefteå kontrakt,1600-01-01,1646-12-31,{D7DFA02E-B2D5-496D-A571-76F9B7D1D487},"Riksarkivet Förvaltningshistorik kap. 6.5 (forvaltningshistorik.riksarkivet.se/06_Statskyrkan.htm); Nordisk familjebok, Härnösands stift","Norrland (Medelpad, Ångermanland, Västerbotten, Norrbotten, Lappmarken) belonged to Uppsala ärkestift until Härnösands stift was created in 1647. The Jämtland and Härjedalen kontrakt are deliberately left out: they were Norwegian (Trondheim) until 1645 and get no diocese before Härnösand"
D025,membership,contract,{10892B3A-5DBA-4F62-A7B4-8E96D9172BA3},Nätra kontrakt,1600-01-01,1646-12-31,{D7DFA02E-B2D5-496D-A571-76F9B7D1D487},"Riksarkivet Förvaltningshistorik kap. 6.5 (forvaltningshistorik.riksarkivet.se/06_Statskyrkan.htm); Nordisk familjebok, Härnösands stift","Norrland (Medelpad, Ångermanland, Västerbotten, Norrbotten, Lappmarken) belonged to Uppsala ärkestift until Härnösands stift was created in 1647. The Jämtland and Härjedalen kontrakt are deliberately left out: they were Norwegian (Trondheim) until 1645 and get no diocese before Härnösand"
D026,membership,contract,{2DF5DA00-896A-4EDE-B103-6E8D589ABB72},Örnsköldsviks kontrakt,1600-01-01,1646-12-31,{D7DFA02E-B2D5-496D-A571-76F9B7D1D487},"Riksarkivet Förvaltningshistorik kap. 6.5 (forvaltningshistorik.riksarkivet.se/06_Statskyrkan.htm); Nordisk familjebok, Härnösands stift","Norrland (Medelpad, Ångermanland, Västerbotten, Norrbotten, Lappmarken) belonged to Uppsala ärkestift until Härnösands stift was created in 1647. The Jämtland and Härjedalen kontrakt are deliberately left out: they were Norwegian (Trondheim) until 1645 and get no diocese before Härnösand"
D027,membership,contract,{CB6F47A1-3D34-4775-8B39-C18F78280C07},Sundsvalls kontrakt,1600-01-01,1646-12-31,{D7DFA02E-B2D5-496D-A571-76F9B7D1D487},"Riksarkivet Förvaltningshistorik kap. 6.5 (forvaltningshistorik.riksarkivet.se/06_Statskyrkan.htm); Nordisk familjebok, Härnösands stift","Norrland (Medelpad, Ångermanland, Västerbotten, Norrbotten, Lappmarken) belonged to Uppsala ärkestift until Härnösands stift was created in 1647. The Jämtland and Härjedalen kontrakt are deliberately left out: they were Norwegian (Trondheim) until 1645 and get no diocese before Härnösand"
D028,membership,contract,{60B68AF1-3EC2-41EE-9473-2190C69660FC},Ljunga kontrakt,1600-01-01,1646-12-31,{D7DFA02E-B2D5-496D-A571-76F9B7D1D487},"Riksarkivet Förvaltningshistorik kap. 6.5 (forvaltningshistorik.riksarkivet.se/06_Statskyrkan.htm); Nordisk familjebok, Härnösands stift","Norrland (Medelpad, Ångermanland, Västerbotten, Norrbotten, Lappmarken) belonged to Uppsala ärkestift until Härnösands stift was created in 1647. The Jämtland and Härjedalen kontrakt are deliberately left out: they were Norwegian (Trondheim) until 1645 and get no diocese before Härnösand"
D029,membership,contract,{CA37A281-99B9-4BBD-A5C8-9ECB4ADAE08E},Västerbottens södra kontrakt,1600-01-01,1646-12-31,{D7DFA02E-B2D5-496D-A571-76F9B7D1D487},"Riksarkivet Förvaltningshistorik kap. 6.5 (forvaltningshistorik.riksarkivet.se/06_Statskyrkan.htm); Nordisk familjebok, Härnösands stift","Norrland (Medelpad, Ångermanland, Västerbotten, Norrbotten, Lappmarken) belonged to Uppsala ärkestift until Härnösands stift was created in 1647. The Jämtland and Härjedalen kontrakt are deliberately left out: they were Norwegian (Trondheim) until 1645 and get no diocese before Härnösand"
D030,membership,contract,{68B4FE87-FED7-4372-8938-27B06D557198},Västerbottens norra kontrakt,1600-01-01,1646-12-31,{D7DFA02E-B2D5-496D-A571-76F9B7D1D487},"Riksarkivet Förvaltningshistorik kap. 6.5 (forvaltningshistorik.riksarkivet.se/06_Statskyrkan.htm); Nordisk familjebok, Härnösands stift","Norrland (Medelpad, Ångermanland, Västerbotten, Norrbotten, Lappmarken) belonged to Uppsala ärkestift until Härnösands stift was created in 1647. The Jämtland and Härjedalen kontrakt are deliberately left out: they were Norwegian (Trondheim) until 1645 and get no diocese before Härnösand"
D031,membership,contract,{E4C3227E-1AB3-405F-8A4F-102969507608},Norrbottens södra kontrakt,1600-01-01,1646-12-31,{D7DFA02E-B2D5-496D-A571-76F9B7D1D487},"Riksarkivet Förvaltningshistorik kap. 6.5 (forvaltningshistorik.riksarkivet.se/06_Statskyrkan.htm); Nordisk familjebok, Härnösands stift","Norrland (Medelpad, Ångermanland, Västerbotten, Norrbotten, Lappmarken) belonged to Uppsala ärkestift until Härnösands stift was created in 1647. The Jämtland and Härjedalen kontrakt are deliberately left out: they were Norwegian (Trondheim) until 1645 and get no diocese before Härnösand"
D032,membership,contract,{C0791D0B-35EC-431E-B8A3-B05AE5B6EEC9},Norrbottens norra kontrakt,1600-01-01,1646-12-31,{D7DFA02E-B2D5-496D-A571-76F9B7D1D487},"Riksarkivet Förvaltningshistorik kap. 6.5 (forvaltningshistorik.riksarkivet.se/06_Statskyrkan.htm); Nordisk familjebok, Härnösands stift","Norrland (Medelpad, Ångermanland, Västerbotten, Norrbotten, Lappmarken) belonged to Uppsala ärkestift until Härnösands stift was created in 1647. The Jämtland and Härjedalen kontrakt are deliberately left out: they were Norwegian (Trondheim) until 1645 and get no diocese before Härnösand"
D033,membership,contract,{2A38BEBC-24B8-47F4-B751-F047ED804BDD},Lappmarkens första kontrakt,1600-01-01,1646-12-31,{D7DFA02E-B2D5-496D-A571-76F9B7D1D487},"Riksarkivet Förvaltningshistorik kap. 6.5 (forvaltningshistorik.riksarkivet.se/06_Statskyrkan.htm); Nordisk familjebok, Härnösands stift","Norrland (Medelpad, Ångermanland, Västerbotten, Norrbotten, Lappmarken) belonged to Uppsala ärkestift until Härnösands stift was created in 1647. The Jämtland and Härjedalen kontrakt are deliberately left out: they were Norwegian (Trondheim) until 1645 and get no diocese before Härnösand"
D034,membership,contract,{63684ABE-0B33-4730-A365-7507D6C2753F},Lappmarkens andra kontrakt,1600-01-01,1646-12-31,{D7DFA02E-B2D5-496D-A571-76F9B7D1D487},"Riksarkivet Förvaltningshistorik kap. 6.5 (forvaltningshistorik.riksarkivet.se/06_Statskyrkan.htm); Nordisk familjebok, Härnösands stift","Norrland (Medelpad, Ångermanland, Västerbotten, Norrbotten, Lappmarken) belonged to Uppsala ärkestift until Härnösands stift was created in 1647. The Jämtland and Härjedalen kontrakt are deliberately left out: they were Norwegian (Trondheim) until 1645 and get no diocese before Härnösand"
D035,membership,contract,{4BD0A872-3F4A-49C7-BCF6-763257DDAA35},Lappmarkens tredje kontrakt,1600-01-01,1646-12-31,{D7DFA02E-B2D5-496D-A571-76F9B7D1D487},"Riksarkivet Förvaltningshistorik kap. 6.5 (forvaltningshistorik.riksarkivet.se/06_Statskyrkan.htm); Nordisk familjebok, Härnösands stift","Norrland (Medelpad, Ångermanland, Västerbotten, Norrbotten, Lappmarken) belonged to Uppsala ärkestift until Härnösands stift was created in 1647. The Jämtland and Härjedalen kontrakt are deliberately left out: they were Norwegian (Trondheim) until 1645 and get no diocese before Härnösand"
D036,membership,contract,{BEB7D512-7F91-4AA6-9A04-5A39B761E181},Fjäre och Viske kontrakt,1600-01-01,1645-12-31,{EC54E9AC-165F-4CD2-9C1A-065ABE03C277},"Freden i Brömsebro 1645; Halland under danska tiden i Lunds stift; Göteborgs kommunalkalender 1938, s. 381 (via sv.wikipedia Göteborgs stift)","Halland was Danish until the peace of Brömsebro 1645 and belonged to Lunds stift; Hallands län was added to Göteborgs superintendentia in 1646 (Skara stift's own history says 1658). Decision (Johan, 2026-09-25): Halland before 1645 goes to Lunds stift"
D037,membership,contract,{E4608452-6861-4CA9-BE61-4467020CAE90},Varbergs kontrakt,1600-01-01,1645-12-31,{EC54E9AC-165F-4CD2-9C1A-065ABE03C277},"Freden i Brömsebro 1645; Halland under danska tiden i Lunds stift; Göteborgs kommunalkalender 1938, s. 381 (via sv.wikipedia Göteborgs stift)","Halland was Danish until the peace of Brömsebro 1645 and belonged to Lunds stift; Hallands län was added to Göteborgs superintendentia in 1646 (Skara stift's own history says 1658). Decision (Johan, 2026-09-25): Halland before 1645 goes to Lunds stift"
D038,membership,contract,{CF3D31D0-08BD-4B02-8FA3-33755FAD6D03},Falkenbergs kontrakt,1600-01-01,1645-12-31,{EC54E9AC-165F-4CD2-9C1A-065ABE03C277},"Freden i Brömsebro 1645; Halland under danska tiden i Lunds stift; Göteborgs kommunalkalender 1938, s. 381 (via sv.wikipedia Göteborgs stift)","Halland was Danish until the peace of Brömsebro 1645 and belonged to Lunds stift; Hallands län was added to Göteborgs superintendentia in 1646 (Skara stift's own history says 1658). Decision (Johan, 2026-09-25): Halland before 1645 goes to Lunds stift"
D039,membership,contract,{DEEC0D59-EBC3-450E-AA30-9701F04144F6},Halmstads kontrakt,1600-01-01,1645-12-31,{EC54E9AC-165F-4CD2-9C1A-065ABE03C277},"Freden i Brömsebro 1645; Halland under danska tiden i Lunds stift; Göteborgs kommunalkalender 1938, s. 381 (via sv.wikipedia Göteborgs stift)","Halland was Danish until the peace of Brömsebro 1645 and belonged to Lunds stift; Hallands län was added to Göteborgs superintendentia in 1646 (Skara stift's own history says 1658). Decision (Johan, 2026-09-25): Halland before 1645 goes to Lunds stift"
D040,membership,contract,{646C18F6-58D1-452D-B926-09E45B6E931D},Laholms kontrakt,1600-01-01,1645-12-31,{EC54E9AC-165F-4CD2-9C1A-065ABE03C277},"Freden i Brömsebro 1645; Halland under danska tiden i Lunds stift; Göteborgs kommunalkalender 1938, s. 381 (via sv.wikipedia Göteborgs stift)","Halland was Danish until the peace of Brömsebro 1645 and belonged to Lunds stift; Hallands län was added to Göteborgs superintendentia in 1646 (Skara stift's own history says 1658). Decision (Johan, 2026-09-25): Halland before 1645 goes to Lunds stift"
D041,membership,contract,{6F6D6ED3-3E38-4E30-9B9A-8D99B101080B},Vikornes kontrakt,1600-01-01,1657-12-31,none:diocese,"sv.wikipedia Viken (historiskt område), Administrativ historik (Lönnroth, Bohusläns historia); Göteborgs kommunalkalender 1938, s. 381 (via sv.wikipedia Göteborgs stift)","Northern Bohuslän (Norrviken and Sunnerviken: Kville, Tanum, Bullaren, Vette, Tunge, Sörbygden, Stångenäs, Sotenäs härader) was Norwegian until the peace of Roskilde 1658 (prosteriet Ranrike in Oslo bispedømme). Decision (Johan): no diocese before 1658, documented"
D042,membership,contract,{6F6D6ED3-3E38-4E30-9B9A-8D99B101080B},Vikornes kontrakt,1658-01-01,1692-12-31,{C187631C-7E83-47EF-9585-4531313958B9},"sv.wikipedia Viken (historiskt område), Administrativ historik (Lönnroth, Bohusläns historia); Svenska kyrkan, Karlstads stifts historia (svenskakyrkan.se/karlstadsstift/historik)",1658-1693 Vikorne was one kontrakt in Karlstads stift ('Dalsland och ett kontrakt i norra Bohuslän'); Göteborgs stift was enlarged with it in 1693
D043,membership,contract,{F737978D-6CBE-41B7-B34F-F984E63576FE},Elfsyssels kontrakt,1600-01-01,1657-12-31,none:diocese,"sv.wikipedia Viken (historiskt område), Administrativ historik (Lönnroth, Bohusläns historia); Göteborgs kommunalkalender 1938, s. 381 (via sv.wikipedia Göteborgs stift)","Southern Bohuslän (Älvsyssel: Inlands, Orust, Tjörn, Lane and Västra Hisings härader with Kungälv, Marstrand and Uddevalla) was Norwegian until 1658, when most of Bohuslän was added to Göteborgs superintendentia. Decision (Johan): no diocese before 1658"
D044,membership,contract,{CF0A5047-9EF0-4CFC-900F-7F60DA028265},Domprosteriet (Göteborgs stift),1600-01-01,1619-12-31,{A8E408E9-126F-44AC-83F0-63BF26333233},"Göteborgs kommunalkalender 1938, s. 381 (via sv.wikipedia Göteborgs stift)","Göteborgs superintendentia was created in 1620 out of Skara stift; before that these parishes were Skara's. Domprosteriet in Göteborg: Askims, Sävedals and Östra Hisings härader with the town parishes"
D045,membership,contract,{CA5BADF2-7895-4BAE-96B0-0C04E1B97AEE},Domprosteriet (Göteborgs stift),1600-01-01,1619-12-31,{A8E408E9-126F-44AC-83F0-63BF26333233},"Göteborgs kommunalkalender 1938, s. 381 (via sv.wikipedia Göteborgs stift)","Göteborgs superintendentia was created in 1620 out of Skara stift; before that these parishes were Skara's. Ale och Vättle kontrakt: Ale, Vättle and Flundre härader"
D046,membership,contract,{F578AF69-B214-448A-A485-4772018DA6A8},Marks och Bollebygds kontrakt,1600-01-01,1619-12-31,{A8E408E9-126F-44AC-83F0-63BF26333233},"Göteborgs kommunalkalender 1938, s. 381 (via sv.wikipedia Göteborgs stift)",Göteborgs superintendentia was created in 1620 out of Skara stift; before that these parishes were Skara's. Marks och Bollebygds kontrakt: Marks and Bollebygds härader
D047,membership,contract,{C2866B7F-E6DB-4234-8C05-FDC026850689},Kinds kontrakt,1600-01-01,1619-12-31,{A8E408E9-126F-44AC-83F0-63BF26333233},"Göteborgs kommunalkalender 1938, s. 381 (via sv.wikipedia Göteborgs stift)",Göteborgs superintendentia was created in 1620 out of Skara stift; before that these parishes were Skara's. Kinds kontrakt: Kinds härad
D048,membership,parish,{9396A5DA-A0B0-11D3-9E53-009027B0FCE9},Angerdshestra församling,1620-01-01,1657-12-31,{AF7748BD-91A7-4A93-98F1-2E963B2BAAB3},"Göteborgs kommunalkalender 1938, s. 381 (via sv.wikipedia Göteborgs stift); sv.wikipedia Skara stift, Historia (Bexell, Skara stifts historia)",Mo härad was one of the ten härader taken from Skara stift in 1620 and returned to Skara in 1658; the source keeps these parishes in Redvägs kontrakt (Skara) throughout
D049,membership,parish,{9396A5D7-A0B0-11D3-9E53-009027B0FCE9},Bottnaryds församling,1620-01-01,1657-12-31,{AF7748BD-91A7-4A93-98F1-2E963B2BAAB3},"Göteborgs kommunalkalender 1938, s. 381 (via sv.wikipedia Göteborgs stift); sv.wikipedia Skara stift, Historia (Bexell, Skara stifts historia)",Mo härad was one of the ten härader taken from Skara stift in 1620 and returned to Skara in 1658; the source keeps these parishes in Redvägs kontrakt (Skara) throughout
D050,membership,parish,{9396A5A1-A0B0-11D3-9E53-009027B0FCE9},Källeryds församling,1620-01-01,1657-12-31,{AF7748BD-91A7-4A93-98F1-2E963B2BAAB3},"Göteborgs kommunalkalender 1938, s. 381 (via sv.wikipedia Göteborgs stift); sv.wikipedia Skara stift, Historia (Bexell, Skara stifts historia)",Mo härad was one of the ten härader taken from Skara stift in 1620 and returned to Skara in 1658; the source keeps these parishes in Redvägs kontrakt (Skara) throughout
D051,membership,parish,{9396A5D9-A0B0-11D3-9E53-009027B0FCE9},Mulseryds församling,1620-01-01,1657-12-31,{AF7748BD-91A7-4A93-98F1-2E963B2BAAB3},"Göteborgs kommunalkalender 1938, s. 381 (via sv.wikipedia Göteborgs stift); sv.wikipedia Skara stift, Historia (Bexell, Skara stifts historia)",Mo härad was one of the ten härader taken from Skara stift in 1620 and returned to Skara in 1658; the source keeps these parishes in Redvägs kontrakt (Skara) throughout
D052,membership,parish,{9396A5AE-A0B0-11D3-9E53-009027B0FCE9},Norra Hestra församling,1620-01-01,1657-12-31,{AF7748BD-91A7-4A93-98F1-2E963B2BAAB3},"Göteborgs kommunalkalender 1938, s. 381 (via sv.wikipedia Göteborgs stift); sv.wikipedia Skara stift, Historia (Bexell, Skara stifts historia)",Mo härad was one of the ten härader taken from Skara stift in 1620 and returned to Skara in 1658; the source keeps these parishes in Redvägs kontrakt (Skara) throughout
D053,membership,parish,{9396A5DB-A0B0-11D3-9E53-009027B0FCE9},Norra Unnaryds församling,1620-01-01,1657-12-31,{AF7748BD-91A7-4A93-98F1-2E963B2BAAB3},"Göteborgs kommunalkalender 1938, s. 381 (via sv.wikipedia Göteborgs stift); sv.wikipedia Skara stift, Historia (Bexell, Skara stifts historia)",Mo härad was one of the ten härader taken from Skara stift in 1620 and returned to Skara in 1658; the source keeps these parishes in Redvägs kontrakt (Skara) throughout
D054,membership,parish,{9396A5AB-A0B0-11D3-9E53-009027B0FCE9},Stengårdshults församling,1620-01-01,1657-12-31,{AF7748BD-91A7-4A93-98F1-2E963B2BAAB3},"Göteborgs kommunalkalender 1938, s. 381 (via sv.wikipedia Göteborgs stift); sv.wikipedia Skara stift, Historia (Bexell, Skara stifts historia)",Mo härad was one of the ten härader taken from Skara stift in 1620 and returned to Skara in 1658; the source keeps these parishes in Redvägs kontrakt (Skara) throughout
D055,membership,parish,{9396A5AC-A0B0-11D3-9E53-009027B0FCE9},Valdshults församling,1620-01-01,1657-12-31,{AF7748BD-91A7-4A93-98F1-2E963B2BAAB3},"Göteborgs kommunalkalender 1938, s. 381 (via sv.wikipedia Göteborgs stift); sv.wikipedia Skara stift, Historia (Bexell, Skara stifts historia)",Mo härad was one of the ten härader taken from Skara stift in 1620 and returned to Skara in 1658; the source keeps these parishes in Redvägs kontrakt (Skara) throughout
D056,membership,parish,{9396A5AD-A0B0-11D3-9E53-009027B0FCE9},Öreryds församling,1620-01-01,1657-12-31,{AF7748BD-91A7-4A93-98F1-2E963B2BAAB3},"Göteborgs kommunalkalender 1938, s. 381 (via sv.wikipedia Göteborgs stift); sv.wikipedia Skara stift, Historia (Bexell, Skara stifts historia)",Mo härad was one of the ten härader taken from Skara stift in 1620 and returned to Skara in 1658; the source keeps these parishes in Redvägs kontrakt (Skara) throughout
D057,membership,parish,{9396ABCF-A0B0-11D3-9E53-009027B0FCE9},Amnehärads församling,1600-01-01,1657-12-31,{C187631C-7E83-47EF-9585-4531313958B9},"sv.wikipedia Mariestads superintendentia; RA Förvaltningshistorik kap. 6.4; Svenska kyrkan, Karlstads stifts historia (svenskakyrkan.se/karlstadsstift/historik); sv.wikipedia Skara stift, Historia (Bexell, Skara stifts historia)","Mariestads superintendentia (from 1647 Karlstads) comprised Värmland plus Vadsbo and Valle härader; Vadsbo and Valle went back to Skara stift in 1658, in exchange for Dalsland. Vadsbo härad"
D058,membership,parish,{9396AC0E-A0B0-11D3-9E53-009027B0FCE9},Beatebergs församling,1600-01-01,1657-12-31,{C187631C-7E83-47EF-9585-4531313958B9},"sv.wikipedia Mariestads superintendentia; RA Förvaltningshistorik kap. 6.4; Svenska kyrkan, Karlstads stifts historia (svenskakyrkan.se/karlstadsstift/historik); sv.wikipedia Skara stift, Historia (Bexell, Skara stifts historia)","Mariestads superintendentia (from 1647 Karlstads) comprised Värmland plus Vadsbo and Valle härader; Vadsbo and Valle went back to Skara stift in 1658, in exchange for Dalsland. Vadsbo härad"
D059,membership,parish,{9396AC21-A0B0-11D3-9E53-009027B0FCE9},Berga församling (R-län),1600-01-01,1657-12-31,{C187631C-7E83-47EF-9585-4531313958B9},"sv.wikipedia Mariestads superintendentia; RA Förvaltningshistorik kap. 6.4; Svenska kyrkan, Karlstads stifts historia (svenskakyrkan.se/karlstadsstift/historik); sv.wikipedia Skara stift, Historia (Bexell, Skara stifts historia)","Mariestads superintendentia (from 1647 Karlstads) comprised Värmland plus Vadsbo and Valle härader; Vadsbo and Valle went back to Skara stift in 1658, in exchange for Dalsland. Vadsbo härad"
D060,membership,parish,{9396AC76-A0B0-11D3-9E53-009027B0FCE9},Bergs församling (R-län),1600-01-01,1657-12-31,{C187631C-7E83-47EF-9585-4531313958B9},"sv.wikipedia Mariestads superintendentia; RA Förvaltningshistorik kap. 6.4; Svenska kyrkan, Karlstads stifts historia (svenskakyrkan.se/karlstadsstift/historik); sv.wikipedia Skara stift, Historia (Bexell, Skara stifts historia)","Mariestads superintendentia (from 1647 Karlstads) comprised Värmland plus Vadsbo and Valle härader; Vadsbo and Valle went back to Skara stift in 1658, in exchange for Dalsland. Vadsbo härad"
D061,membership,parish,{9396AC73-A0B0-11D3-9E53-009027B0FCE9},Binnebergs församling,1600-01-01,1657-12-31,{C187631C-7E83-47EF-9585-4531313958B9},"sv.wikipedia Mariestads superintendentia; RA Förvaltningshistorik kap. 6.4; Svenska kyrkan, Karlstads stifts historia (svenskakyrkan.se/karlstadsstift/historik); sv.wikipedia Skara stift, Historia (Bexell, Skara stifts historia)","Mariestads superintendentia (from 1647 Karlstads) comprised Värmland plus Vadsbo and Valle härader; Vadsbo and Valle went back to Skara stift in 1658, in exchange for Dalsland. Vadsbo härad"
D062,membership,parish,{9396AC1D-A0B0-11D3-9E53-009027B0FCE9},Björsäters församling (R-län),1600-01-01,1657-12-31,{C187631C-7E83-47EF-9585-4531313958B9},"sv.wikipedia Mariestads superintendentia; RA Förvaltningshistorik kap. 6.4; Svenska kyrkan, Karlstads stifts historia (svenskakyrkan.se/karlstadsstift/historik); sv.wikipedia Skara stift, Historia (Bexell, Skara stifts historia)","Mariestads superintendentia (from 1647 Karlstads) comprised Värmland plus Vadsbo and Valle härader; Vadsbo and Valle went back to Skara stift in 1658, in exchange for Dalsland. Vadsbo härad"
D063,membership,parish,{9396AC06-A0B0-11D3-9E53-009027B0FCE9},Bäcks församling,1600-01-01,1657-12-31,{C187631C-7E83-47EF-9585-4531313958B9},"sv.wikipedia Mariestads superintendentia; RA Förvaltningshistorik kap. 6.4; Svenska kyrkan, Karlstads stifts historia (svenskakyrkan.se/karlstadsstift/historik); sv.wikipedia Skara stift, Historia (Bexell, Skara stifts historia)","Mariestads superintendentia (from 1647 Karlstads) comprised Värmland plus Vadsbo and Valle härader; Vadsbo and Valle went back to Skara stift in 1658, in exchange for Dalsland. Vadsbo härad"
D064,membership,parish,{9396AC0C-A0B0-11D3-9E53-009027B0FCE9},Bällefors församling,1600-01-01,1657-12-31,{C187631C-7E83-47EF-9585-4531313958B9},"sv.wikipedia Mariestads superintendentia; RA Förvaltningshistorik kap. 6.4; Svenska kyrkan, Karlstads stifts historia (svenskakyrkan.se/karlstadsstift/historik); sv.wikipedia Skara stift, Historia (Bexell, Skara stifts historia)","Mariestads superintendentia (from 1647 Karlstads) comprised Värmland plus Vadsbo and Valle härader; Vadsbo and Valle went back to Skara stift in 1658, in exchange for Dalsland. Vadsbo härad"
D065,membership,parish,{9396AC79-A0B0-11D3-9E53-009027B0FCE9},Böja församling,1600-01-01,1657-12-31,{C187631C-7E83-47EF-9585-4531313958B9},"sv.wikipedia Mariestads superintendentia; RA Förvaltningshistorik kap. 6.4; Svenska kyrkan, Karlstads stifts historia (svenskakyrkan.se/karlstadsstift/historik); sv.wikipedia Skara stift, Historia (Bexell, Skara stifts historia)","Mariestads superintendentia (from 1647 Karlstads) comprised Värmland plus Vadsbo and Valle härader; Vadsbo and Valle went back to Skara stift in 1658, in exchange for Dalsland. Vadsbo härad"
D066,membership,parish,{9396AC16-A0B0-11D3-9E53-009027B0FCE9},Ekby församling (R-län),1600-01-01,1657-12-31,{C187631C-7E83-47EF-9585-4531313958B9},"sv.wikipedia Mariestads superintendentia; RA Förvaltningshistorik kap. 6.4; Svenska kyrkan, Karlstads stifts historia (svenskakyrkan.se/karlstadsstift/historik); sv.wikipedia Skara stift, Historia (Bexell, Skara stifts historia)","Mariestads superintendentia (from 1647 Karlstads) comprised Värmland plus Vadsbo and Valle härader; Vadsbo and Valle went back to Skara stift in 1658, in exchange for Dalsland. Vadsbo härad"
D067,membership,parish,{9396AC0D-A0B0-11D3-9E53-009027B0FCE9},Ekeskogs församling,1600-01-01,1657-12-31,{C187631C-7E83-47EF-9585-4531313958B9},"sv.wikipedia Mariestads superintendentia; RA Förvaltningshistorik kap. 6.4; Svenska kyrkan, Karlstads stifts historia (svenskakyrkan.se/karlstadsstift/historik); sv.wikipedia Skara stift, Historia (Bexell, Skara stifts historia)","Mariestads superintendentia (from 1647 Karlstads) comprised Värmland plus Vadsbo and Valle härader; Vadsbo and Valle went back to Skara stift in 1658, in exchange for Dalsland. Vadsbo härad"
D068,membership,parish,{9396AC1A-A0B0-11D3-9E53-009027B0FCE9},Eks församling,1600-01-01,1657-12-31,{C187631C-7E83-47EF-9585-4531313958B9},"sv.wikipedia Mariestads superintendentia; RA Förvaltningshistorik kap. 6.4; Svenska kyrkan, Karlstads stifts historia (svenskakyrkan.se/karlstadsstift/historik); sv.wikipedia Skara stift, Historia (Bexell, Skara stifts historia)","Mariestads superintendentia (from 1647 Karlstads) comprised Värmland plus Vadsbo and Valle härader; Vadsbo and Valle went back to Skara stift in 1658, in exchange for Dalsland. Vadsbo härad"
D069,membership,parish,{9396AC1F-A0B0-11D3-9E53-009027B0FCE9},Enåsa församling,1600-01-01,1657-12-31,{C187631C-7E83-47EF-9585-4531313958B9},"sv.wikipedia Mariestads superintendentia; RA Förvaltningshistorik kap. 6.4; Svenska kyrkan, Karlstads stifts historia (svenskakyrkan.se/karlstadsstift/historik); sv.wikipedia Skara stift, Historia (Bexell, Skara stifts historia)","Mariestads superintendentia (from 1647 Karlstads) comprised Värmland plus Vadsbo and Valle härader; Vadsbo and Valle went back to Skara stift in 1658, in exchange for Dalsland. Vadsbo härad"
D070,membership,parish,{9396AD6E-A0B0-11D3-9E53-009027B0FCE9},Finnerödja församling,1600-01-01,1657-12-31,{C187631C-7E83-47EF-9585-4531313958B9},"sv.wikipedia Mariestads superintendentia; RA Förvaltningshistorik kap. 6.4; Svenska kyrkan, Karlstads stifts historia (svenskakyrkan.se/karlstadsstift/historik); sv.wikipedia Skara stift, Historia (Bexell, Skara stifts historia)","Mariestads superintendentia (from 1647 Karlstads) comprised Värmland plus Vadsbo and Valle härader; Vadsbo and Valle went back to Skara stift in 1658, in exchange for Dalsland. Vadsbo härad"
D071,membership,parish,{9396AC7A-A0B0-11D3-9E53-009027B0FCE9},Flistads församling (R-län),1600-01-01,1657-12-31,{C187631C-7E83-47EF-9585-4531313958B9},"sv.wikipedia Mariestads superintendentia; RA Förvaltningshistorik kap. 6.4; Svenska kyrkan, Karlstads stifts historia (svenskakyrkan.se/karlstadsstift/historik); sv.wikipedia Skara stift, Historia (Bexell, Skara stifts historia)","Mariestads superintendentia (from 1647 Karlstads) comprised Värmland plus Vadsbo and Valle härader; Vadsbo and Valle went back to Skara stift in 1658, in exchange for Dalsland. Vadsbo härad"
D072,membership,parish,{9396AC05-A0B0-11D3-9E53-009027B0FCE9},Fredsbergs församling,1600-01-01,1657-12-31,{C187631C-7E83-47EF-9585-4531313958B9},"sv.wikipedia Mariestads superintendentia; RA Förvaltningshistorik kap. 6.4; Svenska kyrkan, Karlstads stifts historia (svenskakyrkan.se/karlstadsstift/historik); sv.wikipedia Skara stift, Historia (Bexell, Skara stifts historia)","Mariestads superintendentia (from 1647 Karlstads) comprised Värmland plus Vadsbo and Valle härader; Vadsbo and Valle went back to Skara stift in 1658, in exchange for Dalsland. Vadsbo härad"
D073,membership,parish,{9396AC74-A0B0-11D3-9E53-009027B0FCE9},Frösve församling,1600-01-01,1657-12-31,{C187631C-7E83-47EF-9585-4531313958B9},"sv.wikipedia Mariestads superintendentia; RA Förvaltningshistorik kap. 6.4; Svenska kyrkan, Karlstads stifts historia (svenskakyrkan.se/karlstadsstift/historik); sv.wikipedia Skara stift, Historia (Bexell, Skara stifts historia)","Mariestads superintendentia (from 1647 Karlstads) comprised Värmland plus Vadsbo and Valle härader; Vadsbo and Valle went back to Skara stift in 1658, in exchange for Dalsland. Vadsbo härad"
D074,membership,parish,{9396AC0A-A0B0-11D3-9E53-009027B0FCE9},Fägre församling,1600-01-01,1657-12-31,{C187631C-7E83-47EF-9585-4531313958B9},"sv.wikipedia Mariestads superintendentia; RA Förvaltningshistorik kap. 6.4; Svenska kyrkan, Karlstads stifts historia (svenskakyrkan.se/karlstadsstift/historik); sv.wikipedia Skara stift, Historia (Bexell, Skara stifts historia)","Mariestads superintendentia (from 1647 Karlstads) comprised Värmland plus Vadsbo and Valle härader; Vadsbo and Valle went back to Skara stift in 1658, in exchange for Dalsland. Vadsbo härad"
D075,membership,parish,{9396AC22-A0B0-11D3-9E53-009027B0FCE9},Färeds församling,1600-01-01,1657-12-31,{C187631C-7E83-47EF-9585-4531313958B9},"sv.wikipedia Mariestads superintendentia; RA Förvaltningshistorik kap. 6.4; Svenska kyrkan, Karlstads stifts historia (svenskakyrkan.se/karlstadsstift/historik); sv.wikipedia Skara stift, Historia (Bexell, Skara stifts historia)","Mariestads superintendentia (from 1647 Karlstads) comprised Värmland plus Vadsbo and Valle härader; Vadsbo and Valle went back to Skara stift in 1658, in exchange for Dalsland. Vadsbo härad"
D076,membership,parish,{9396AC7B-A0B0-11D3-9E53-009027B0FCE9},Götlunda församling (R-län),1600-01-01,1657-12-31,{C187631C-7E83-47EF-9585-4531313958B9},"sv.wikipedia Mariestads superintendentia; RA Förvaltningshistorik kap. 6.4; Svenska kyrkan, Karlstads stifts historia (svenskakyrkan.se/karlstadsstift/historik); sv.wikipedia Skara stift, Historia (Bexell, Skara stifts historia)","Mariestads superintendentia (from 1647 Karlstads) comprised Värmland plus Vadsbo and Valle härader; Vadsbo and Valle went back to Skara stift in 1658, in exchange for Dalsland. Vadsbo härad"
D077,membership,parish,{9396AC0F-A0B0-11D3-9E53-009027B0FCE9},Halna församling,1600-01-01,1657-12-31,{C187631C-7E83-47EF-9585-4531313958B9},"sv.wikipedia Mariestads superintendentia; RA Förvaltningshistorik kap. 6.4; Svenska kyrkan, Karlstads stifts historia (svenskakyrkan.se/karlstadsstift/historik); sv.wikipedia Skara stift, Historia (Bexell, Skara stifts historia)","Mariestads superintendentia (from 1647 Karlstads) comprised Värmland plus Vadsbo and Valle härader; Vadsbo and Valle went back to Skara stift in 1658, in exchange for Dalsland. Vadsbo härad"
D078,membership,parish,{9396AC20-A0B0-11D3-9E53-009027B0FCE9},Hassle församling,1600-01-01,1657-12-31,{C187631C-7E83-47EF-9585-4531313958B9},"sv.wikipedia Mariestads superintendentia; RA Förvaltningshistorik kap. 6.4; Svenska kyrkan, Karlstads stifts historia (svenskakyrkan.se/karlstadsstift/historik); sv.wikipedia Skara stift, Historia (Bexell, Skara stifts historia)","Mariestads superintendentia (from 1647 Karlstads) comprised Värmland plus Vadsbo and Valle härader; Vadsbo and Valle went back to Skara stift in 1658, in exchange for Dalsland. Vadsbo härad"
D079,membership,parish,{9396AC08-A0B0-11D3-9E53-009027B0FCE9},Hjälstads församling,1600-01-01,1657-12-31,{C187631C-7E83-47EF-9585-4531313958B9},"sv.wikipedia Mariestads superintendentia; RA Förvaltningshistorik kap. 6.4; Svenska kyrkan, Karlstads stifts historia (svenskakyrkan.se/karlstadsstift/historik); sv.wikipedia Skara stift, Historia (Bexell, Skara stifts historia)","Mariestads superintendentia (from 1647 Karlstads) comprised Värmland plus Vadsbo and Valle härader; Vadsbo and Valle went back to Skara stift in 1658, in exchange for Dalsland. Vadsbo härad"
D080,membership,parish,{9396AC72-A0B0-11D3-9E53-009027B0FCE9},Horns församling (R-län),1600-01-01,1657-12-31,{C187631C-7E83-47EF-9585-4531313958B9},"sv.wikipedia Mariestads superintendentia; RA Förvaltningshistorik kap. 6.4; Svenska kyrkan, Karlstads stifts historia (svenskakyrkan.se/karlstadsstift/historik); sv.wikipedia Skara stift, Historia (Bexell, Skara stifts historia)","Mariestads superintendentia (from 1647 Karlstads) comprised Värmland plus Vadsbo and Valle härader; Vadsbo and Valle went back to Skara stift in 1658, in exchange for Dalsland. Vadsbo härad"
D081,membership,parish,{9396ABD0-A0B0-11D3-9E53-009027B0FCE9},Hova församling,1600-01-01,1657-12-31,{C187631C-7E83-47EF-9585-4531313958B9},"sv.wikipedia Mariestads superintendentia; RA Förvaltningshistorik kap. 6.4; Svenska kyrkan, Karlstads stifts historia (svenskakyrkan.se/karlstadsstift/historik); sv.wikipedia Skara stift, Historia (Bexell, Skara stifts historia)","Mariestads superintendentia (from 1647 Karlstads) comprised Värmland plus Vadsbo and Valle härader; Vadsbo and Valle went back to Skara stift in 1658, in exchange for Dalsland. Vadsbo härad"
D082,membership,parish,{9396ABC8-A0B0-11D3-9E53-009027B0FCE9},Karlsborgs församling,1600-01-01,1657-12-31,{C187631C-7E83-47EF-9585-4531313958B9},"sv.wikipedia Mariestads superintendentia; RA Förvaltningshistorik kap. 6.4; Svenska kyrkan, Karlstads stifts historia (svenskakyrkan.se/karlstadsstift/historik); sv.wikipedia Skara stift, Historia (Bexell, Skara stifts historia)","Mariestads superintendentia (from 1647 Karlstads) comprised Värmland plus Vadsbo and Valle härader; Vadsbo and Valle went back to Skara stift in 1658, in exchange for Dalsland. Vadsbo härad"
D083,membership,parish,{9396AC13-A0B0-11D3-9E53-009027B0FCE9},Leksbergs församling,1600-01-01,1657-12-31,{C187631C-7E83-47EF-9585-4531313958B9},"sv.wikipedia Mariestads superintendentia; RA Förvaltningshistorik kap. 6.4; Svenska kyrkan, Karlstads stifts historia (svenskakyrkan.se/karlstadsstift/historik); sv.wikipedia Skara stift, Historia (Bexell, Skara stifts historia)","Mariestads superintendentia (from 1647 Karlstads) comprised Värmland plus Vadsbo and Valle härader; Vadsbo and Valle went back to Skara stift in 1658, in exchange for Dalsland. Vadsbo härad"
D084,membership,parish,{9396AC77-A0B0-11D3-9E53-009027B0FCE9},Lerdala församling,1600-01-01,1657-12-31,{C187631C-7E83-47EF-9585-4531313958B9},"sv.wikipedia Mariestads superintendentia; RA Förvaltningshistorik kap. 6.4; Svenska kyrkan, Karlstads stifts historia (svenskakyrkan.se/karlstadsstift/historik); sv.wikipedia Skara stift, Historia (Bexell, Skara stifts historia)","Mariestads superintendentia (from 1647 Karlstads) comprised Värmland plus Vadsbo and Valle härader; Vadsbo and Valle went back to Skara stift in 1658, in exchange for Dalsland. Vadsbo härad"
D085,membership,parish,{9396AC70-A0B0-11D3-9E53-009027B0FCE9},Locketorps församling,1600-01-01,1657-12-31,{C187631C-7E83-47EF-9585-4531313958B9},"sv.wikipedia Mariestads superintendentia; RA Förvaltningshistorik kap. 6.4; Svenska kyrkan, Karlstads stifts historia (svenskakyrkan.se/karlstadsstift/historik); sv.wikipedia Skara stift, Historia (Bexell, Skara stifts historia)","Mariestads superintendentia (from 1647 Karlstads) comprised Värmland plus Vadsbo and Valle härader; Vadsbo and Valle went back to Skara stift in 1658, in exchange for Dalsland. Vadsbo härad"
D086,membership,parish,{9396AC23-A0B0-11D3-9E53-009027B0FCE9},Lyrestads församling,1600-01-01,1657-12-31,{C187631C-7E83-47EF-9585-4531313958B9},"sv.wikipedia Mariestads superintendentia; RA Förvaltningshistorik kap. 6.4; Svenska kyrkan, Karlstads stifts historia (svenskakyrkan.se/karlstadsstift/historik); sv.wikipedia Skara stift, Historia (Bexell, Skara stifts historia)","Mariestads superintendentia (from 1647 Karlstads) comprised Värmland plus Vadsbo and Valle härader; Vadsbo and Valle went back to Skara stift in 1658, in exchange for Dalsland. Vadsbo härad"
D087,membership,parish,{9396AC19-A0B0-11D3-9E53-009027B0FCE9},Låstads församling,1600-01-01,1657-12-31,{C187631C-7E83-47EF-9585-4531313958B9},"sv.wikipedia Mariestads superintendentia; RA Förvaltningshistorik kap. 6.4; Svenska kyrkan, Karlstads stifts historia (svenskakyrkan.se/karlstadsstift/historik); sv.wikipedia Skara stift, Historia (Bexell, Skara stifts historia)","Mariestads superintendentia (from 1647 Karlstads) comprised Värmland plus Vadsbo and Valle härader; Vadsbo and Valle went back to Skara stift in 1658, in exchange for Dalsland. Vadsbo härad"
D088,membership,parish,{9396AC0B-A0B0-11D3-9E53-009027B0FCE9},Mo församling (R-län),1600-01-01,1657-12-31,{C187631C-7E83-47EF-9585-4531313958B9},"sv.wikipedia Mariestads superintendentia; RA Förvaltningshistorik kap. 6.4; Svenska kyrkan, Karlstads stifts historia (svenskakyrkan.se/karlstadsstift/historik); sv.wikipedia Skara stift, Historia (Bexell, Skara stifts historia)","Mariestads superintendentia (from 1647 Karlstads) comprised Värmland plus Vadsbo and Valle härader; Vadsbo and Valle went back to Skara stift in 1658, in exchange for Dalsland. Vadsbo härad"
D089,membership,parish,{9396ABCA-A0B0-11D3-9E53-009027B0FCE9},Mölltorps församling,1600-01-01,1657-12-31,{C187631C-7E83-47EF-9585-4531313958B9},"sv.wikipedia Mariestads superintendentia; RA Förvaltningshistorik kap. 6.4; Svenska kyrkan, Karlstads stifts historia (svenskakyrkan.se/karlstadsstift/historik); sv.wikipedia Skara stift, Historia (Bexell, Skara stifts historia)","Mariestads superintendentia (from 1647 Karlstads) comprised Värmland plus Vadsbo and Valle härader; Vadsbo and Valle went back to Skara stift in 1658, in exchange for Dalsland. Vadsbo härad"
D090,membership,parish,{9396AC18-A0B0-11D3-9E53-009027B0FCE9},Odensåkers församling,1600-01-01,1657-12-31,{C187631C-7E83-47EF-9585-4531313958B9},"sv.wikipedia Mariestads superintendentia; RA Förvaltningshistorik kap. 6.4; Svenska kyrkan, Karlstads stifts historia (svenskakyrkan.se/karlstadsstift/historik); sv.wikipedia Skara stift, Historia (Bexell, Skara stifts historia)","Mariestads superintendentia (from 1647 Karlstads) comprised Värmland plus Vadsbo and Valle härader; Vadsbo and Valle went back to Skara stift in 1658, in exchange for Dalsland. Vadsbo härad"
D091,membership,parish,{9396AC02-A0B0-11D3-9E53-009027B0FCE9},Ransbergs församling,1600-01-01,1657-12-31,{C187631C-7E83-47EF-9585-4531313958B9},"sv.wikipedia Mariestads superintendentia; RA Förvaltningshistorik kap. 6.4; Svenska kyrkan, Karlstads stifts historia (svenskakyrkan.se/karlstadsstift/historik); sv.wikipedia Skara stift, Historia (Bexell, Skara stifts historia)","Mariestads superintendentia (from 1647 Karlstads) comprised Värmland plus Vadsbo and Valle härader; Vadsbo and Valle went back to Skara stift in 1658, in exchange for Dalsland. Vadsbo härad"
D092,membership,parish,{9396AC07-A0B0-11D3-9E53-009027B0FCE9},Sveneby församling,1600-01-01,1657-12-31,{C187631C-7E83-47EF-9585-4531313958B9},"sv.wikipedia Mariestads superintendentia; RA Förvaltningshistorik kap. 6.4; Svenska kyrkan, Karlstads stifts historia (svenskakyrkan.se/karlstadsstift/historik); sv.wikipedia Skara stift, Historia (Bexell, Skara stifts historia)","Mariestads superintendentia (from 1647 Karlstads) comprised Värmland plus Vadsbo and Valle härader; Vadsbo and Valle went back to Skara stift in 1658, in exchange for Dalsland. Vadsbo härad"
D093,membership,parish,{9396AC75-A0B0-11D3-9E53-009027B0FCE9},Säters församling (R-län),1600-01-01,1657-12-31,{C187631C-7E83-47EF-9585-4531313958B9},"sv.wikipedia Mariestads superintendentia; RA Förvaltningshistorik kap. 6.4; Svenska kyrkan, Karlstads stifts historia (svenskakyrkan.se/karlstadsstift/historik); sv.wikipedia Skara stift, Historia (Bexell, Skara stifts historia)","Mariestads superintendentia (from 1647 Karlstads) comprised Värmland plus Vadsbo and Valle härader; Vadsbo and Valle went back to Skara stift in 1658, in exchange for Dalsland. Vadsbo härad"
D094,membership,parish,{9396AC17-A0B0-11D3-9E53-009027B0FCE9},Tidavads församling,1600-01-01,1657-12-31,{C187631C-7E83-47EF-9585-4531313958B9},"sv.wikipedia Mariestads superintendentia; RA Förvaltningshistorik kap. 6.4; Svenska kyrkan, Karlstads stifts historia (svenskakyrkan.se/karlstadsstift/historik); sv.wikipedia Skara stift, Historia (Bexell, Skara stifts historia)","Mariestads superintendentia (from 1647 Karlstads) comprised Värmland plus Vadsbo and Valle härader; Vadsbo and Valle went back to Skara stift in 1658, in exchange for Dalsland. Vadsbo härad"
D095,membership,parish,{9396AC78-A0B0-11D3-9E53-009027B0FCE9},Timmersdala församling,1600-01-01,1657-12-31,{C187631C-7E83-47EF-9585-4531313958B9},"sv.wikipedia Mariestads superintendentia; RA Förvaltningshistorik kap. 6.4; Svenska kyrkan, Karlstads stifts historia (svenskakyrkan.se/karlstadsstift/historik); sv.wikipedia Skara stift, Historia (Bexell, Skara stifts historia)","Mariestads superintendentia (from 1647 Karlstads) comprised Värmland plus Vadsbo and Valle härader; Vadsbo and Valle went back to Skara stift in 1658, in exchange for Dalsland. Vadsbo härad"
D096,membership,parish,{9396AD6F-A0B0-11D3-9E53-009027B0FCE9},Tiveds församling,1600-01-01,1657-12-31,{C187631C-7E83-47EF-9585-4531313958B9},"sv.wikipedia Mariestads superintendentia; RA Förvaltningshistorik kap. 6.4; Svenska kyrkan, Karlstads stifts historia (svenskakyrkan.se/karlstadsstift/historik); sv.wikipedia Skara stift, Historia (Bexell, Skara stifts historia)","Mariestads superintendentia (from 1647 Karlstads) comprised Värmland plus Vadsbo and Valle härader; Vadsbo and Valle went back to Skara stift in 1658, in exchange for Dalsland. Vadsbo härad"
D097,membership,parish,{9396AC1E-A0B0-11D3-9E53-009027B0FCE9},Torsö församling (R-län),1600-01-01,1657-12-31,{C187631C-7E83-47EF-9585-4531313958B9},"sv.wikipedia Mariestads superintendentia; RA Förvaltningshistorik kap. 6.4; Svenska kyrkan, Karlstads stifts historia (svenskakyrkan.se/karlstadsstift/historik); sv.wikipedia Skara stift, Historia (Bexell, Skara stifts historia)","Mariestads superintendentia (from 1647 Karlstads) comprised Värmland plus Vadsbo and Valle härader; Vadsbo and Valle went back to Skara stift in 1658, in exchange for Dalsland. Vadsbo härad"
D098,membership,parish,{9396AC09-A0B0-11D3-9E53-009027B0FCE9},Trästena församling,1600-01-01,1657-12-31,{C187631C-7E83-47EF-9585-4531313958B9},"sv.wikipedia Mariestads superintendentia; RA Förvaltningshistorik kap. 6.4; Svenska kyrkan, Karlstads stifts historia (svenskakyrkan.se/karlstadsstift/historik); sv.wikipedia Skara stift, Historia (Bexell, Skara stifts historia)","Mariestads superintendentia (from 1647 Karlstads) comprised Värmland plus Vadsbo and Valle härader; Vadsbo and Valle went back to Skara stift in 1658, in exchange for Dalsland. Vadsbo härad"
D099,membership,parish,{9396AC04-A0B0-11D3-9E53-009027B0FCE9},Töreboda församling,1600-01-01,1657-12-31,{C187631C-7E83-47EF-9585-4531313958B9},"sv.wikipedia Mariestads superintendentia; RA Förvaltningshistorik kap. 6.4; Svenska kyrkan, Karlstads stifts historia (svenskakyrkan.se/karlstadsstift/historik); sv.wikipedia Skara stift, Historia (Bexell, Skara stifts historia)","Mariestads superintendentia (from 1647 Karlstads) comprised Värmland plus Vadsbo and Valle härader; Vadsbo and Valle went back to Skara stift in 1658, in exchange for Dalsland. Vadsbo härad"
D100,membership,parish,{9396AC14-A0B0-11D3-9E53-009027B0FCE9},Ullervads församling,1600-01-01,1657-12-31,{C187631C-7E83-47EF-9585-4531313958B9},"sv.wikipedia Mariestads superintendentia; RA Förvaltningshistorik kap. 6.4; Svenska kyrkan, Karlstads stifts historia (svenskakyrkan.se/karlstadsstift/historik); sv.wikipedia Skara stift, Historia (Bexell, Skara stifts historia)","Mariestads superintendentia (from 1647 Karlstads) comprised Värmland plus Vadsbo and Valle härader; Vadsbo and Valle went back to Skara stift in 1658, in exchange for Dalsland. Vadsbo härad"
D101,membership,parish,{9396ABCC-A0B0-11D3-9E53-009027B0FCE9},Undenäs församling,1600-01-01,1657-12-31,{C187631C-7E83-47EF-9585-4531313958B9},"sv.wikipedia Mariestads superintendentia; RA Förvaltningshistorik kap. 6.4; Svenska kyrkan, Karlstads stifts historia (svenskakyrkan.se/karlstadsstift/historik); sv.wikipedia Skara stift, Historia (Bexell, Skara stifts historia)","Mariestads superintendentia (from 1647 Karlstads) comprised Värmland plus Vadsbo and Valle härader; Vadsbo and Valle went back to Skara stift in 1658, in exchange for Dalsland. Vadsbo härad"
D102,membership,parish,{9396AC15-A0B0-11D3-9E53-009027B0FCE9},Utby församling (R-län),1600-01-01,1657-12-31,{C187631C-7E83-47EF-9585-4531313958B9},"sv.wikipedia Mariestads superintendentia; RA Förvaltningshistorik kap. 6.4; Svenska kyrkan, Karlstads stifts historia (svenskakyrkan.se/karlstadsstift/historik); sv.wikipedia Skara stift, Historia (Bexell, Skara stifts historia)","Mariestads superintendentia (from 1647 Karlstads) comprised Värmland plus Vadsbo and Valle härader; Vadsbo and Valle went back to Skara stift in 1658, in exchange for Dalsland. Vadsbo härad"
D103,membership,parish,{9396AC7C-A0B0-11D3-9E53-009027B0FCE9},Vads församling,1600-01-01,1657-12-31,{C187631C-7E83-47EF-9585-4531313958B9},"sv.wikipedia Mariestads superintendentia; RA Förvaltningshistorik kap. 6.4; Svenska kyrkan, Karlstads stifts historia (svenskakyrkan.se/karlstadsstift/historik); sv.wikipedia Skara stift, Historia (Bexell, Skara stifts historia)","Mariestads superintendentia (from 1647 Karlstads) comprised Värmland plus Vadsbo and Valle härader; Vadsbo and Valle went back to Skara stift in 1658, in exchange for Dalsland. Vadsbo härad"
D104,membership,parish,{9396AC71-A0B0-11D3-9E53-009027B0FCE9},Värings församling,1600-01-01,1657-12-31,{C187631C-7E83-47EF-9585-4531313958B9},"sv.wikipedia Mariestads superintendentia; RA Förvaltningshistorik kap. 6.4; Svenska kyrkan, Karlstads stifts historia (svenskakyrkan.se/karlstadsstift/historik); sv.wikipedia Skara stift, Historia (Bexell, Skara stifts historia)","Mariestads superintendentia (from 1647 Karlstads) comprised Värmland plus Vadsbo and Valle härader; Vadsbo and Valle went back to Skara stift in 1658, in exchange for Dalsland. Vadsbo härad"
D105,membership,parish,{9396AC10-A0B0-11D3-9E53-009027B0FCE9},Älgarås församling,1600-01-01,1657-12-31,{C187631C-7E83-47EF-9585-4531313958B9},"sv.wikipedia Mariestads superintendentia; RA Förvaltningshistorik kap. 6.4; Svenska kyrkan, Karlstads stifts historia (svenskakyrkan.se/karlstadsstift/historik); sv.wikipedia Skara stift, Historia (Bexell, Skara stifts historia)","Mariestads superintendentia (from 1647 Karlstads) comprised Värmland plus Vadsbo and Valle härader; Vadsbo and Valle went back to Skara stift in 1658, in exchange for Dalsland. Vadsbo härad"
D106,membership,parish,{9396AC12-A0B0-11D3-9E53-009027B0FCE9},Mariestads församling,1600-01-01,1657-12-31,{C187631C-7E83-47EF-9585-4531313958B9},"sv.wikipedia Mariestads superintendentia; RA Förvaltningshistorik kap. 6.4; Svenska kyrkan, Karlstads stifts historia (svenskakyrkan.se/karlstadsstift/historik); sv.wikipedia Skara stift, Historia (Bexell, Skara stifts historia)","Mariestads superintendentia (from 1647 Karlstads) comprised Värmland plus Vadsbo and Valle härader; Vadsbo and Valle went back to Skara stift in 1658, in exchange for Dalsland. Vadsbo härad (Mariestads stad)"
D107,membership,parish,{9396ACCE-A0B0-11D3-9E53-009027B0FCE9},Bolums församling,1600-01-01,1657-12-31,{C187631C-7E83-47EF-9585-4531313958B9},"sv.wikipedia Mariestads superintendentia; RA Förvaltningshistorik kap. 6.4; Svenska kyrkan, Karlstads stifts historia (svenskakyrkan.se/karlstadsstift/historik); sv.wikipedia Skara stift, Historia (Bexell, Skara stifts historia)","Mariestads superintendentia (from 1647 Karlstads) comprised Värmland plus Vadsbo and Valle härader; Vadsbo and Valle went back to Skara stift in 1658, in exchange for Dalsland. Valle härad"
D108,membership,parish,{9396AC4B-A0B0-11D3-9E53-009027B0FCE9},Eggby församling,1600-01-01,1657-12-31,{C187631C-7E83-47EF-9585-4531313958B9},"sv.wikipedia Mariestads superintendentia; RA Förvaltningshistorik kap. 6.4; Svenska kyrkan, Karlstads stifts historia (svenskakyrkan.se/karlstadsstift/historik); sv.wikipedia Skara stift, Historia (Bexell, Skara stifts historia)","Mariestads superintendentia (from 1647 Karlstads) comprised Värmland plus Vadsbo and Valle härader; Vadsbo and Valle went back to Skara stift in 1658, in exchange for Dalsland. Valle härad"
D109,membership,parish,{9396AC63-A0B0-11D3-9E53-009027B0FCE9},Häggums församling,1600-01-01,1657-12-31,{C187631C-7E83-47EF-9585-4531313958B9},"sv.wikipedia Mariestads superintendentia; RA Förvaltningshistorik kap. 6.4; Svenska kyrkan, Karlstads stifts historia (svenskakyrkan.se/karlstadsstift/historik); sv.wikipedia Skara stift, Historia (Bexell, Skara stifts historia)","Mariestads superintendentia (from 1647 Karlstads) comprised Värmland plus Vadsbo and Valle härader; Vadsbo and Valle went back to Skara stift in 1658, in exchange for Dalsland. Valle härad"
D110,membership,parish,{9396AC49-A0B0-11D3-9E53-009027B0FCE9},Istrums församling,1600-01-01,1657-12-31,{C187631C-7E83-47EF-9585-4531313958B9},"sv.wikipedia Mariestads superintendentia; RA Förvaltningshistorik kap. 6.4; Svenska kyrkan, Karlstads stifts historia (svenskakyrkan.se/karlstadsstift/historik); sv.wikipedia Skara stift, Historia (Bexell, Skara stifts historia)","Mariestads superintendentia (from 1647 Karlstads) comprised Värmland plus Vadsbo and Valle härader; Vadsbo and Valle went back to Skara stift in 1658, in exchange for Dalsland. Valle härad"
D111,membership,parish,{9396AC4D-A0B0-11D3-9E53-009027B0FCE9},Norra Lundby församling,1600-01-01,1657-12-31,{C187631C-7E83-47EF-9585-4531313958B9},"sv.wikipedia Mariestads superintendentia; RA Förvaltningshistorik kap. 6.4; Svenska kyrkan, Karlstads stifts historia (svenskakyrkan.se/karlstadsstift/historik); sv.wikipedia Skara stift, Historia (Bexell, Skara stifts historia)","Mariestads superintendentia (from 1647 Karlstads) comprised Värmland plus Vadsbo and Valle härader; Vadsbo and Valle went back to Skara stift in 1658, in exchange for Dalsland. Valle härad"
D112,membership,parish,{9396AC4F-A0B0-11D3-9E53-009027B0FCE9},Norra Vings församling,1600-01-01,1657-12-31,{C187631C-7E83-47EF-9585-4531313958B9},"sv.wikipedia Mariestads superintendentia; RA Förvaltningshistorik kap. 6.4; Svenska kyrkan, Karlstads stifts historia (svenskakyrkan.se/karlstadsstift/historik); sv.wikipedia Skara stift, Historia (Bexell, Skara stifts historia)","Mariestads superintendentia (from 1647 Karlstads) comprised Värmland plus Vadsbo and Valle härader; Vadsbo and Valle went back to Skara stift in 1658, in exchange for Dalsland. Valle härad"
D113,membership,parish,{9396AC4E-A0B0-11D3-9E53-009027B0FCE9},Skärvs församling,1600-01-01,1657-12-31,{C187631C-7E83-47EF-9585-4531313958B9},"sv.wikipedia Mariestads superintendentia; RA Förvaltningshistorik kap. 6.4; Svenska kyrkan, Karlstads stifts historia (svenskakyrkan.se/karlstadsstift/historik); sv.wikipedia Skara stift, Historia (Bexell, Skara stifts historia)","Mariestads superintendentia (from 1647 Karlstads) comprised Värmland plus Vadsbo and Valle härader; Vadsbo and Valle went back to Skara stift in 1658, in exchange for Dalsland. Valle härad"
D114,membership,parish,{9396AC50-A0B0-11D3-9E53-009027B0FCE9},Stenums församling,1600-01-01,1657-12-31,{C187631C-7E83-47EF-9585-4531313958B9},"sv.wikipedia Mariestads superintendentia; RA Förvaltningshistorik kap. 6.4; Svenska kyrkan, Karlstads stifts historia (svenskakyrkan.se/karlstadsstift/historik); sv.wikipedia Skara stift, Historia (Bexell, Skara stifts historia)","Mariestads superintendentia (from 1647 Karlstads) comprised Värmland plus Vadsbo and Valle härader; Vadsbo and Valle went back to Skara stift in 1658, in exchange for Dalsland. Valle härad"
D115,membership,parish,{9396AC4C-A0B0-11D3-9E53-009027B0FCE9},Varnhems församling,1600-01-01,1657-12-31,{C187631C-7E83-47EF-9585-4531313958B9},"sv.wikipedia Mariestads superintendentia; RA Förvaltningshistorik kap. 6.4; Svenska kyrkan, Karlstads stifts historia (svenskakyrkan.se/karlstadsstift/historik); sv.wikipedia Skara stift, Historia (Bexell, Skara stifts historia)","Mariestads superintendentia (from 1647 Karlstads) comprised Värmland plus Vadsbo and Valle härader; Vadsbo and Valle went back to Skara stift in 1658, in exchange for Dalsland. Valle härad"
D116,membership,parish,{9396AC4A-A0B0-11D3-9E53-009027B0FCE9},Öglunda församling,1600-01-01,1657-12-31,{C187631C-7E83-47EF-9585-4531313958B9},"sv.wikipedia Mariestads superintendentia; RA Förvaltningshistorik kap. 6.4; Svenska kyrkan, Karlstads stifts historia (svenskakyrkan.se/karlstadsstift/historik); sv.wikipedia Skara stift, Historia (Bexell, Skara stifts historia)","Mariestads superintendentia (from 1647 Karlstads) comprised Värmland plus Vadsbo and Valle härader; Vadsbo and Valle went back to Skara stift in 1658, in exchange for Dalsland. Valle härad"
D117,membership,contract,{BEB05AB6-4C8B-4022-91B2-F2FEC91E7FEE},Norra Dals kontrakt,1600-01-01,1657-12-31,{A8E408E9-126F-44AC-83F0-63BF26333233},"Svenska kyrkan, Karlstads stifts historia (svenskakyrkan.se/karlstadsstift/historik); sv.wikipedia Skara stift, Historia (Bexell, Skara stifts historia)",Värmland and Dalsland belonged to Skara stift in the Middle Ages; Dalsland went to Karlstads stift in 1658 in exchange for Vadsbo (and Valle) härader
D118,membership,contract,{C0932C31-C2D5-4BBC-A44D-E5D446F1E521},Södra Dals kontrakt,1600-01-01,1657-12-31,{A8E408E9-126F-44AC-83F0-63BF26333233},"Svenska kyrkan, Karlstads stifts historia (svenskakyrkan.se/karlstadsstift/historik); sv.wikipedia Skara stift, Historia (Bexell, Skara stifts historia)",Värmland and Dalsland belonged to Skara stift in the Middle Ages; Dalsland went to Karlstads stift in 1658 in exchange for Vadsbo (and Valle) härader
D119,membership,contract,{00D8B5A1-E06E-4FC5-8D67-1C2091DA9646},Västra Dals kontrakt,1600-01-01,1657-12-31,{A8E408E9-126F-44AC-83F0-63BF26333233},"Svenska kyrkan, Karlstads stifts historia (svenskakyrkan.se/karlstadsstift/historik); sv.wikipedia Skara stift, Historia (Bexell, Skara stifts historia)",Värmland and Dalsland belonged to Skara stift in the Middle Ages; Dalsland went to Karlstads stift in 1658 in exchange for Vadsbo (and Valle) härader
D120,membership,parish,{9396AEB5-A0B0-11D3-9E53-009027B0FCE9},Gävle församling,1600-01-01,1621-12-31,{D7DFA02E-B2D5-496D-A571-76F9B7D1D487},"Riksarkivet Förvaltningshistorik kap. 6.5 (forvaltningshistorik.riksarkivet.se/06_Statskyrkan.htm); Nordisk familjebok, Härnösands stift","Gästrikland belonged to Uppsala ärkestift; the source's kontrakt for it (Gästriklands kontrakt) only starts in 1622, and the diocese is derived through the kontrakt, so without this row the parish has no diocese at all"
D121,membership,parish,{9396AEB8-A0B0-11D3-9E53-009027B0FCE9},Hamrånge församling,1600-01-01,1621-12-31,{D7DFA02E-B2D5-496D-A571-76F9B7D1D487},"Riksarkivet Förvaltningshistorik kap. 6.5 (forvaltningshistorik.riksarkivet.se/06_Statskyrkan.htm); Nordisk familjebok, Härnösands stift","Gästrikland belonged to Uppsala ärkestift; the source's kontrakt for it (Gästriklands kontrakt) only starts in 1622, and the diocese is derived through the kontrakt, so without this row the parish has no diocese at all"
D122,membership,parish,{9396AEB9-A0B0-11D3-9E53-009027B0FCE9},Hedesunda församling,1600-01-01,1621-12-31,{D7DFA02E-B2D5-496D-A571-76F9B7D1D487},"Riksarkivet Förvaltningshistorik kap. 6.5 (forvaltningshistorik.riksarkivet.se/06_Statskyrkan.htm); Nordisk familjebok, Härnösands stift","Gästrikland belonged to Uppsala ärkestift; the source's kontrakt for it (Gästriklands kontrakt) only starts in 1622, and the diocese is derived through the kontrakt, so without this row the parish has no diocese at all"
D123,membership,parish,{9396AEBA-A0B0-11D3-9E53-009027B0FCE9},Hille församling,1600-01-01,1621-12-31,{D7DFA02E-B2D5-496D-A571-76F9B7D1D487},"Riksarkivet Förvaltningshistorik kap. 6.5 (forvaltningshistorik.riksarkivet.se/06_Statskyrkan.htm); Nordisk familjebok, Härnösands stift","Gästrikland belonged to Uppsala ärkestift; the source's kontrakt for it (Gästriklands kontrakt) only starts in 1622, and the diocese is derived through the kontrakt, so without this row the parish has no diocese at all"
D124,membership,parish,{9396AE93-A0B0-11D3-9E53-009027B0FCE9},Ockelbo församling,1600-01-01,1621-12-31,{D7DFA02E-B2D5-496D-A571-76F9B7D1D487},"Riksarkivet Förvaltningshistorik kap. 6.5 (forvaltningshistorik.riksarkivet.se/06_Statskyrkan.htm); Nordisk familjebok, Härnösands stift","Gästrikland belonged to Uppsala ärkestift; the source's kontrakt for it (Gästriklands kontrakt) only starts in 1622, and the diocese is derived through the kontrakt, so without this row the parish has no diocese at all"
D125,membership,parish,{9396AEC0-A0B0-11D3-9E53-009027B0FCE9},Ovansjö församling,1600-01-01,1621-12-31,{D7DFA02E-B2D5-496D-A571-76F9B7D1D487},"Riksarkivet Förvaltningshistorik kap. 6.5 (forvaltningshistorik.riksarkivet.se/06_Statskyrkan.htm); Nordisk familjebok, Härnösands stift","Gästrikland belonged to Uppsala ärkestift; the source's kontrakt for it (Gästriklands kontrakt) only starts in 1622, and the diocese is derived through the kontrakt, so without this row the parish has no diocese at all"
D126,membership,parish,{9396AE98-A0B0-11D3-9E53-009027B0FCE9},Torsåkers församling (X-län),1600-01-01,1621-12-31,{D7DFA02E-B2D5-496D-A571-76F9B7D1D487},"Riksarkivet Förvaltningshistorik kap. 6.5 (forvaltningshistorik.riksarkivet.se/06_Statskyrkan.htm); Nordisk familjebok, Härnösands stift","Gästrikland belonged to Uppsala ärkestift; the source's kontrakt for it (Gästriklands kontrakt) only starts in 1622, and the diocese is derived through the kontrakt, so without this row the parish has no diocese at all"
D127,membership,parish,{9396AEBB-A0B0-11D3-9E53-009027B0FCE9},Valbo församling,1600-01-01,1621-12-31,{D7DFA02E-B2D5-496D-A571-76F9B7D1D487},"Riksarkivet Förvaltningshistorik kap. 6.5 (forvaltningshistorik.riksarkivet.se/06_Statskyrkan.htm); Nordisk familjebok, Härnösands stift","Gästrikland belonged to Uppsala ärkestift; the source's kontrakt for it (Gästriklands kontrakt) only starts in 1622, and the diocese is derived through the kontrakt, so without this row the parish has no diocese at all"
D128,membership,parish,{9396AEC4-A0B0-11D3-9E53-009027B0FCE9},Årsunda församling,1600-01-01,1621-12-31,{D7DFA02E-B2D5-496D-A571-76F9B7D1D487},"Riksarkivet Förvaltningshistorik kap. 6.5 (forvaltningshistorik.riksarkivet.se/06_Statskyrkan.htm); Nordisk familjebok, Härnösands stift","Gästrikland belonged to Uppsala ärkestift; the source's kontrakt for it (Gästriklands kontrakt) only starts in 1622, and the diocese is derived through the kontrakt, so without this row the parish has no diocese at all"
D129,membership,parish,{9396AEC5-A0B0-11D3-9E53-009027B0FCE9},Österfärnebo församling,1600-01-01,1621-12-31,{D7DFA02E-B2D5-496D-A571-76F9B7D1D487},"Riksarkivet Förvaltningshistorik kap. 6.5 (forvaltningshistorik.riksarkivet.se/06_Statskyrkan.htm); Nordisk familjebok, Härnösands stift","Gästrikland belonged to Uppsala ärkestift; the source's kontrakt for it (Gästriklands kontrakt) only starts in 1622, and the diocese is derived through the kontrakt, so without this row the parish has no diocese at all"
D130,membership,parish,{9396AF0A-A0B0-11D3-9E53-009027B0FCE9},Alnö församling,1600-01-01,1623-12-31,{D7DFA02E-B2D5-496D-A571-76F9B7D1D487},"Riksarkivet Förvaltningshistorik kap. 6.5 (forvaltningshistorik.riksarkivet.se/06_Statskyrkan.htm); Nordisk familjebok, Härnösands stift","Medelpad belonged to Uppsala ärkestift; the source's kontrakt for it (Sundsvalls/Ljunga kontrakt) only starts in 1624, and the diocese is derived through the kontrakt, so without this row the parish has no diocese at all"
D131,membership,parish,{9396AF10-A0B0-11D3-9E53-009027B0FCE9},Attmars församling,1600-01-01,1623-12-31,{D7DFA02E-B2D5-496D-A571-76F9B7D1D487},"Riksarkivet Förvaltningshistorik kap. 6.5 (forvaltningshistorik.riksarkivet.se/06_Statskyrkan.htm); Nordisk familjebok, Härnösands stift","Medelpad belonged to Uppsala ärkestift; the source's kontrakt for it (Sundsvalls/Ljunga kontrakt) only starts in 1624, and the diocese is derived through the kontrakt, so without this row the parish has no diocese at all"
D132,membership,parish,{9396AEF0-A0B0-11D3-9E53-009027B0FCE9},Borgsjö församling,1600-01-01,1623-12-31,{D7DFA02E-B2D5-496D-A571-76F9B7D1D487},"Riksarkivet Förvaltningshistorik kap. 6.5 (forvaltningshistorik.riksarkivet.se/06_Statskyrkan.htm); Nordisk familjebok, Härnösands stift","Medelpad belonged to Uppsala ärkestift; the source's kontrakt for it (Sundsvalls/Ljunga kontrakt) only starts in 1624, and the diocese is derived through the kontrakt, so without this row the parish has no diocese at all"
D133,membership,parish,{9396AEF1-A0B0-11D3-9E53-009027B0FCE9},Haverö församling,1600-01-01,1623-12-31,{D7DFA02E-B2D5-496D-A571-76F9B7D1D487},"Riksarkivet Förvaltningshistorik kap. 6.5 (forvaltningshistorik.riksarkivet.se/06_Statskyrkan.htm); Nordisk familjebok, Härnösands stift","Medelpad belonged to Uppsala ärkestift; the source's kontrakt for it (Sundsvalls/Ljunga kontrakt) only starts in 1624, and the diocese is derived through the kontrakt, so without this row the parish has no diocese at all"
D134,membership,parish,{9396AF13-A0B0-11D3-9E53-009027B0FCE9},Holms församling (Y-län),1600-01-01,1623-12-31,{D7DFA02E-B2D5-496D-A571-76F9B7D1D487},"Riksarkivet Förvaltningshistorik kap. 6.5 (forvaltningshistorik.riksarkivet.se/06_Statskyrkan.htm); Nordisk familjebok, Härnösands stift","Medelpad belonged to Uppsala ärkestift; the source's kontrakt for it (Sundsvalls/Ljunga kontrakt) only starts in 1624, and the diocese is derived through the kontrakt, so without this row the parish has no diocese at all"
D135,membership,parish,{9396AEF6-A0B0-11D3-9E53-009027B0FCE9},Hässjö församling,1600-01-01,1623-12-31,{D7DFA02E-B2D5-496D-A571-76F9B7D1D487},"Riksarkivet Förvaltningshistorik kap. 6.5 (forvaltningshistorik.riksarkivet.se/06_Statskyrkan.htm); Nordisk familjebok, Härnösands stift","Medelpad belonged to Uppsala ärkestift; the source's kontrakt for it (Sundsvalls/Ljunga kontrakt) only starts in 1624, and the diocese is derived through the kontrakt, so without this row the parish has no diocese at all"
D136,membership,parish,{9396AF12-A0B0-11D3-9E53-009027B0FCE9},Indals församling,1600-01-01,1623-12-31,{D7DFA02E-B2D5-496D-A571-76F9B7D1D487},"Riksarkivet Förvaltningshistorik kap. 6.5 (forvaltningshistorik.riksarkivet.se/06_Statskyrkan.htm); Nordisk familjebok, Härnösands stift","Medelpad belonged to Uppsala ärkestift; the source's kontrakt for it (Sundsvalls/Ljunga kontrakt) only starts in 1624, and the diocese is derived through the kontrakt, so without this row the parish has no diocese at all"
D137,membership,parish,{9396AF14-A0B0-11D3-9E53-009027B0FCE9},Lidens församling (Y-län),1600-01-01,1623-12-31,{D7DFA02E-B2D5-496D-A571-76F9B7D1D487},"Riksarkivet Förvaltningshistorik kap. 6.5 (forvaltningshistorik.riksarkivet.se/06_Statskyrkan.htm); Nordisk familjebok, Härnösands stift","Medelpad belonged to Uppsala ärkestift; the source's kontrakt for it (Sundsvalls/Ljunga kontrakt) only starts in 1624, and the diocese is derived through the kontrakt, so without this row the parish has no diocese at all"
D138,membership,parish,{9396AEF5-A0B0-11D3-9E53-009027B0FCE9},Ljustorps församling,1600-01-01,1623-12-31,{D7DFA02E-B2D5-496D-A571-76F9B7D1D487},"Riksarkivet Förvaltningshistorik kap. 6.5 (forvaltningshistorik.riksarkivet.se/06_Statskyrkan.htm); Nordisk familjebok, Härnösands stift","Medelpad belonged to Uppsala ärkestift; the source's kontrakt for it (Sundsvalls/Ljunga kontrakt) only starts in 1624, and the diocese is derived through the kontrakt, so without this row the parish has no diocese at all"
D139,membership,parish,{9396AF11-A0B0-11D3-9E53-009027B0FCE9},Njurunda församling,1600-01-01,1623-12-31,{D7DFA02E-B2D5-496D-A571-76F9B7D1D487},"Riksarkivet Förvaltningshistorik kap. 6.5 (forvaltningshistorik.riksarkivet.se/06_Statskyrkan.htm); Nordisk familjebok, Härnösands stift","Medelpad belonged to Uppsala ärkestift; the source's kontrakt for it (Sundsvalls/Ljunga kontrakt) only starts in 1624, and the diocese is derived through the kontrakt, so without this row the parish has no diocese at all"
D140,membership,parish,{9396AF0C-A0B0-11D3-9E53-009027B0FCE9},Selångers församling,1600-01-01,1623-12-31,{D7DFA02E-B2D5-496D-A571-76F9B7D1D487},"Riksarkivet Förvaltningshistorik kap. 6.5 (forvaltningshistorik.riksarkivet.se/06_Statskyrkan.htm); Nordisk familjebok, Härnösands stift","Medelpad belonged to Uppsala ärkestift; the source's kontrakt for it (Sundsvalls/Ljunga kontrakt) only starts in 1624, and the diocese is derived through the kontrakt, so without this row the parish has no diocese at all"
D141,membership,parish,{9396AF06-A0B0-11D3-9E53-009027B0FCE9},Sköns församling,1600-01-01,1623-12-31,{D7DFA02E-B2D5-496D-A571-76F9B7D1D487},"Riksarkivet Förvaltningshistorik kap. 6.5 (forvaltningshistorik.riksarkivet.se/06_Statskyrkan.htm); Nordisk familjebok, Härnösands stift","Medelpad belonged to Uppsala ärkestift; the source's kontrakt for it (Sundsvalls/Ljunga kontrakt) only starts in 1624, and the diocese is derived through the kontrakt, so without this row the parish has no diocese at all"
D142,membership,parish,{9396AF0E-A0B0-11D3-9E53-009027B0FCE9},Stöde församling,1600-01-01,1623-12-31,{D7DFA02E-B2D5-496D-A571-76F9B7D1D487},"Riksarkivet Förvaltningshistorik kap. 6.5 (forvaltningshistorik.riksarkivet.se/06_Statskyrkan.htm); Nordisk familjebok, Härnösands stift","Medelpad belonged to Uppsala ärkestift; the source's kontrakt for it (Sundsvalls/Ljunga kontrakt) only starts in 1624, and the diocese is derived through the kontrakt, so without this row the parish has no diocese at all"
D143,membership,parish,{9396AF0B-A0B0-11D3-9E53-009027B0FCE9},Sättna församling,1600-01-01,1623-12-31,{D7DFA02E-B2D5-496D-A571-76F9B7D1D487},"Riksarkivet Förvaltningshistorik kap. 6.5 (forvaltningshistorik.riksarkivet.se/06_Statskyrkan.htm); Nordisk familjebok, Härnösands stift","Medelpad belonged to Uppsala ärkestift; the source's kontrakt for it (Sundsvalls/Ljunga kontrakt) only starts in 1624, and the diocese is derived through the kontrakt, so without this row the parish has no diocese at all"
D144,membership,parish,{9396AEF4-A0B0-11D3-9E53-009027B0FCE9},Timrå församling,1600-01-01,1623-12-31,{D7DFA02E-B2D5-496D-A571-76F9B7D1D487},"Riksarkivet Förvaltningshistorik kap. 6.5 (forvaltningshistorik.riksarkivet.se/06_Statskyrkan.htm); Nordisk familjebok, Härnösands stift","Medelpad belonged to Uppsala ärkestift; the source's kontrakt for it (Sundsvalls/Ljunga kontrakt) only starts in 1624, and the diocese is derived through the kontrakt, so without this row the parish has no diocese at all"
D145,membership,parish,{9396AEF2-A0B0-11D3-9E53-009027B0FCE9},Torps församling (Y-län),1600-01-01,1623-12-31,{D7DFA02E-B2D5-496D-A571-76F9B7D1D487},"Riksarkivet Förvaltningshistorik kap. 6.5 (forvaltningshistorik.riksarkivet.se/06_Statskyrkan.htm); Nordisk familjebok, Härnösands stift","Medelpad belonged to Uppsala ärkestift; the source's kontrakt for it (Sundsvalls/Ljunga kontrakt) only starts in 1624, and the diocese is derived through the kontrakt, so without this row the parish has no diocese at all"
D146,membership,parish,{9396AF0F-A0B0-11D3-9E53-009027B0FCE9},Tuna församling (Y-län),1600-01-01,1623-12-31,{D7DFA02E-B2D5-496D-A571-76F9B7D1D487},"Riksarkivet Förvaltningshistorik kap. 6.5 (forvaltningshistorik.riksarkivet.se/06_Statskyrkan.htm); Nordisk familjebok, Härnösands stift","Medelpad belonged to Uppsala ärkestift; the source's kontrakt for it (Sundsvalls/Ljunga kontrakt) only starts in 1624, and the diocese is derived through the kontrakt, so without this row the parish has no diocese at all"
D147,membership,parish,{9396AEF7-A0B0-11D3-9E53-009027B0FCE9},Tynderö församling,1600-01-01,1623-12-31,{D7DFA02E-B2D5-496D-A571-76F9B7D1D487},"Riksarkivet Förvaltningshistorik kap. 6.5 (forvaltningshistorik.riksarkivet.se/06_Statskyrkan.htm); Nordisk familjebok, Härnösands stift","Medelpad belonged to Uppsala ärkestift; the source's kontrakt for it (Sundsvalls/Ljunga kontrakt) only starts in 1624, and the diocese is derived through the kontrakt, so without this row the parish has no diocese at all"
