kind,system,code,pid,parent_pid,source,note
code,dedik,85570,1641,,"DDB catalogue: SANKT JOHANNIS, STOCKHOLM (SF); Johannes församling, Stockholm","Johannis is the Latin genitive, which no spelling rule reaches; the earlier build sent it to Engelbrekt or Hedvig Eleonora (user-path tests, 1 Oct 2026)"
code,dedik,57940,4130,,"DDB catalogue: NAGLUM (LF, SCB74 158001); Naglum and Vassända make Vassända-Naglums församling","the earlier build sent it to Vänersborg"
code,dedik,72570,1376,,"DDB catalogue: HELSINGBORGS GARNISONSFÖRS.; a garrison congregation without territory, in Helsingborg town","a congregation without territory gives the parish it lies in (Johan, decision 1, 1 Oct 2026)"
code,dedik,74760,1741,,"DDB catalogue: KARLSKRONA TYSKA; the German congregation of Karlskrona town","as above"
code,dedik,67179,1420,,"DDB catalogue: KVENNEBERGA PASTORAT; Hjortsberga med Kvenneberga","the code sat on a registry row of the earlier build for Hjortsberga that has no polygon"
parent,,,1419,1420,"Hjortsberga (a registry row of the earlier build, without a polygon) is Hjortsberga med Kvenneberga","carried row"
parent,,,3359,3361,"Skellefteå (a registry row of the earlier build, without a polygon): the parish before the town parish broke out in 1913, continued as Skellefteå landsförsamling","carried row"
parent,,,3360,3361,"Skellefteå kbfd: its parent was the earlier build's row Skellefteå, which has no polygon","death book: Skellefteå kbfd 1937-1960"
parent,,,3362,3361,"Skellefteå landsförsamlings kbfd","as above"
parent,,,1373,1376,"Helsingborgs garnisonsförsamling: a garrison congregation in Helsingborg town","decision 1"
parent,,,1377,1376,"Helsingborgs stadsförsamling (a registry row of the earlier build, without a polygon): the town parish, Maria","carried row"
parent,,,1743,1741,"Karlskrona tyska församling: the German congregation of Karlskrona town; its parent was Augerum, a rural parish","decision 1"
code,dedik,70834,462,,"DDB: LEMMESTRÖ. Lemmeströ merged on 4 Apr 1781 into Gustavs församling (Börringe); sv.wikipedia Gustavs församling","part: research 2 Oct 2026"
code,dedik,75380,618,,"DDB: GÖTEBORGS ALLMÄNNA STRAFFÄNGELSE SKANSEN KRONAN. In Domkyrkoförsamlingen until Haga broke out on 1 May 1883 (probably Haga after); sv.wikipedia Haga församling, Göteborg","institution, date-dependent (medium)"
code,dedik,50794,789,,"DDB: FASTA. Fasta merged with Esterna in 1797 as Fasterna; sv.wikipedia Fasterna socken","part"
code,dedik,75334,1080,,"DDB: MASTHUGGETS KYRKA I GÖTEBORG (JOHANNIS). S:t Johanneskyrkan (1866) was the Masthugget district's church; Masthugg parish 1883; sv.wikipedia S:t Johanneskyrkan, Göteborg","part"
code,dedik,80000,1170,,"DDB: GUSTAF ADOLFS KAP. Gustav Adolf (Värmland), a chapel parish split from Norra Råda and Ekshärad 1789; sv.wikipedia Gustav Adolfs församling, Karlstads stift","same (medium)"
code,dedik,53805,1265,,"DDB: LOS, DEL (KOPPARBERG). Hamra, the part of Los in Kopparbergs län (Orsa until 1846, Los until 1931); sv.wikipedia Hamra församling, Uppsala stift","part"
code,dedik,50010,1359,,"DDB: UPPSALA (LF). Uppsala landsförsamling is Bondkyrka, renamed Helga Trefaldighet; sv.wikipedia Helga Trefaldighets församling, Uppsala; Bondkyrka","same"
code,dedik,52360,1399,,"DDB: HILLESJÖ. Hilleshög was called Hillersjö until 1940; sv.wikipedia Hilleshögs socken","same (medium)"
code,dedik,56970,1435,,"DDB: VÄSTRA SKRUKEBY. Merged into Högby in 1890; sv.wikipedia Västra Skrukeby socken","part"
code,dedik,75140,1734,,"DDB: FRISHOLMENS KASTELLFÖRSAMLING. The garrison parish of Karlshamn's castle, merged into Karlshamn 1865; sv.wikipedia Karlshamns kastell","part"
code,dedik,83580,2467,,"DDB: SVARTVIK. The sawmill community lies in Njurunda socken; sv.wikipedia Svartvik","part (medium)"
code,dedik,75390,2619,,"DDB: GÖTEBORGS KRONO-HOSPITALS FÖRS. Göteborgs hospitalsförsamling (1627-1883), later Gamlestad, Nylöse from 1969; sv.wikipedia Göteborgs hospitalsförsamling","same"
code,dedik,66000,2719,,"DDB: SKATTUNGE. A chapel district of Orsa, own chapel parish 1893-1925, then Orsa again; sv.wikipedia Skattunge församling","part"
code,dedik,76200,3306,,"DDB: GRUNDSUNDS KAP. Chapel district of Morlanda, merged into Skaftö 1 May 1888; sv.wikipedia Grundsunds församling","part"
code,dedik,66300,3611,,"DDB: FALU (STORA KOPPARBERG). Stora Kopparbergs församling, the Falun parish","same"
code,dedik,57000,4015,,"DDB: HARSTAD. An annex of Väderstad, merged into it in 1892; sv.wikipedia Harstads socken","part"
code,dedik,64730,4139,,"DDB: VÄSTERÅS, SANKT ILIAN. Västerås's medieval town parish, an annex of the cathedral parish, merged into it 1946; sv.wikipedia Sankt Ilians församling, Västerås stift","part"
code,dedik,71040,4351,,"DDB: SANKT MARIA (YSTAD SF). Ystad Sankta Maria is Ystads stadsförsamling; Sankt Petri merged into it 1884; sv.wikipedia Ystads Sankt Petri församling","same"
code,dedik,53224,1008,,"DDB: GÄVLE STAFFAN. Gävle Staffan is its own parish (from Gefle 1916); the earlier build had it on Gävle Maria; sv.wikipedia Gävle Staffans församling","the earlier build was wrong"
code,dedik,83226,2465,,"DDB: NILIVAARA. Nilivaara, split from Gällivare 1962; the earlier build had it on Malmberget; sv.wikipedia Nilivaara församling","the earlier build was wrong; before 1962 the date walk gives Gällivare"
code,dedik,78514,715,,"DDB: ENSLÖV, DEL AV (TÖNNERSJÖ HÄRAD). The main body of Enslöv lay in Tönnersjö härad; the earlier build had it on Oskarström; sv.wikipedia Enslövs socken","the earlier build was wrong (medium)"
