# corrections_municipality2.csv - second round of municipality research (N* rows), 26 September 2026.
# Read with the rest of the corrections through read_corrections() in data-raw/model/model_helpers.R
# (readr::read_csv(..., comment = "#")). Columns and kinds are those of corrections.csv.
#
# Scope: the items the M* rows of corrections.csv left open - the municipalities the source lacks
# (Noraskog, Varmlandsnas, Vamhus, Kinnarumma, Kumla and Ronneby landskommun) and the 11 rural
# communes the source names after a town that came later - plus Kung Karl/Kungsor, found in the
# same m3a table. Every row gives its source volume, page and URL in `source`.
#
# Conventions used here:
#   name        the unit's correct official name for a period; value = the kind
#               (stad / koping / landskommun / kommun). topo_id is the Riksarkivet record, or
#               SCB:<kommunkod> for a municipality that exists only in the SCB code lists, or
#               empty for a municipality that neither source has a record for.
#   identity    what a unit is; value = the source topo_id, or no_source_unit, or empty when the
#               row records something that could not be established (see the note).
#   membership  a parish (topo_id) belongs to a parent unit (value) between start and end.
#               type_id is the PARENT type, which is how m3_evidence.R reads the column
#               (parent_type = type_id); the M* membership rows use type_id = parish instead.
# Quotations are from the ABBYY OCR text layer of the scanned SCB volumes, normalised where the
# OCR is plainly garbled (Edtts -> Edets, ombildate -> ombildades).
id,kind,type_id,topo_id,name,start,end,value,source,note
N01,name,municipality,{7A613D5D-53BA-4516-B315-F44A3A5E1412},Säby landskommun,1863-01-01,1950-12-31,landskommun,"SCB, Folkmängden inom administrativa områden den 31 december 1910 (SOS), Anm. till Jönköpings län: ""Säby församling omfattar Säby kommun och Tranås köping""; https://share.scb.se/ov9993/data/historisk%20statistik/SOS%201911-/Befolkningsstatistik/Folkm%C3%A4ngden%20inom%20administrativa%20omr%C3%A5den%20%28SOS%29%201910-1961/Folkm%C3%A4ngden-inom-administrativa-omr%C3%A5den-1910.pdf. SCB, Folkmängden inom administrativa områden den 31 december 1950 (SOS), Anm. till Jönköpings län: ""Den 1 jan. 1951 införlivades Säby kommun med 3 496 inv. med Tranås stad""; https://share.scb.se/ov9993/data/historisk%20statistik/SOS%201911-/Befolkningsstatistik/Folkm%C3%A4ngden%20inom%20administrativa%20omr%C3%A5den%20%28SOS%29%201910-1961/Folkm%C3%A4ngden-inom-administrativa-omr%C3%A5den-1950.pdf","The source names the 1863-1970 record (218.0 km2 = Säby församling, F-län) Tranås stad for its whole life. Säby landskommun held the parish until 1950-12-31. The source record is the whole parish polygon, so it cannot represent the town municipality and the rural municipality separately; the name given here is the municipality that held the parish territory in that period."
N02,name,municipality,{7A613D5D-53BA-4516-B315-F44A3A5E1412},Tranås stad,1951-01-01,1970-12-31,stad,"SCB, Folkmängden inom administrativa områden den 31 december 1950 (SOS), Anm. till Jönköpings län: ""Den 1 jan. 1951 införlivades Säby kommun med 3 496 inv. med Tranås stad""; https://share.scb.se/ov9993/data/historisk%20statistik/SOS%201911-/Befolkningsstatistik/Folkm%C3%A4ngden%20inom%20administrativa%20omr%C3%A5den%20%28SOS%29%201910-1961/Folkm%C3%A4ngden-inom-administrativa-omr%C3%A5den-1950.pdf","From 1951-01-01 the whole of Säby församling is Tranås stad, so the source name is right from then on. Ends 1970-12-31 (Tranås kommun from 1971)"
N03,identity,municipality,,"Tranås köping, from 1919-01-01 Tranås stad",1881-01-01,1950-12-31,no_source_unit,"C. M. Rosenberg, Geografiskt-statistiskt handlexikon öfver Sverige (1882-83), vol. 2 s. 872, art. Tranås i Jönköpings län: ""Köping i Säby sn, N. Vedbo hd ... Köping blef Tranås nyåret 1881""; https://runeberg.org/rosenberg/2/0872.html. SCB, Folkmängden inom administrativa områden den 31 december 1918 (SOS), Anm. till Jönköpings län: ""Staden Tranås, som den 1 januari 1919 inträdde i åtnjutande av stadsrättigheter""; https://share.scb.se/ov9993/data/historisk%20statistik/SOS%201911-/Befolkningsstatistik/Folkm%C3%A4ngden%20inom%20administrativa%20omr%C3%A5den%20%28SOS%29%201910-1961/Folkm%C3%A4ngden-inom-administrativa-omr%C3%A5den-1918.pdf. SCB, Folkmängden inom administrativa områden den 31 december 1910 (SOS), Anm. till Jönköpings län: ""Säby församling omfattar Säby kommun och Tranås köping""; https://share.scb.se/ov9993/data/historisk%20statistik/SOS%201911-/Befolkningsstatistik/Folkm%C3%A4ngden%20inom%20administrativa%20omr%C3%A5den%20%28SOS%29%201910-1961/Folkm%C3%A4ngden-inom-administrativa-omr%C3%A5den-1910.pdf",The town was its own municipality inside Säby församling from 1881 (köping) and 1919 (stad) until it absorbed Säby landskommun in 1951; the source has no record for it. Its territory is inside the polygon of {7A613D5D-53BA-4516-B315-F44A3A5E1412}
N04,name,municipality,{0EA4079D-A5C3-4FA5-AF68-4855BC564F28},Fässbergs landskommun,1863-01-01,1921-12-31,landskommun,"SCB, Folkmängden inom administrativa områden den 31 december 1921 (SOS), texten s. 3: ""Med 1922 års ingång tillkom emellertid ett nytt stadssamhälle, i det att Fässbergs socken (12 796 inv.) då, under namn av Mölndal, erhöll stadsrättigheter""; https://share.scb.se/ov9993/data/historisk%20statistik/SOS%201911-/Befolkningsstatistik/Folkm%C3%A4ngden%20inom%20administrativa%20omr%C3%A5den%20%28SOS%29%201910-1961/Folkm%C3%A4ngden-inom-administrativa-omr%C3%A5den-1921.pdf","The source names the 1863-1970 record (47.7 km2 = Fässbergs församling) Mölndals stad for its whole life. The whole landskommun became the stad on 1922-01-01, so there is one unit and only the name changes"
N05,name,municipality,{0EA4079D-A5C3-4FA5-AF68-4855BC564F28},Mölndals stad,1922-01-01,1970-12-31,stad,"SCB, Folkmängden inom administrativa områden den 31 december 1921 (SOS), texten s. 3: ""under namn av Mölndal, erhöll stadsrättigheter""; https://share.scb.se/ov9993/data/historisk%20statistik/SOS%201911-/Befolkningsstatistik/Folkm%C3%A4ngden%20inom%20administrativa%20omr%C3%A5den%20%28SOS%29%201910-1961/Folkm%C3%A4ngden-inom-administrativa-omr%C3%A5den-1921.pdf. SCB, Folkmängden inom administrativa områden den 31 december 1922 (SOS), texten s. 2-3: ""Vid denna tidpunkt tillkom nämligen ett nytt stadssamhälle, i det att Fässbergs socken (12 796 inv.) då, under namn av Mölndal, erhöll stadsrättigheter""; https://share.scb.se/ov9993/data/historisk%20statistik/SOS%201911-/Befolkningsstatistik/Folkm%C3%A4ngden%20inom%20administrativa%20omr%C3%A5den%20%28SOS%29%201910-1961/Folkm%C3%A4ngden-inom-administrativa-omr%C3%A5den-1922.pdf",Ends 1970-12-31 (Mölndals kommun from 1971)
N06,name,municipality,{788F0219-7B09-4550-9D8A-1D5F4F171B02},Tolfta landskommun,1863-01-01,1951-12-31,landskommun,"SCB, Folkmängden inom administrativa områden den 31 december 1951 (SOS), Anm. till Uppsala län: ""Den 1 jan. 1952 införlivades Tolfta med Tierps köping""; https://share.scb.se/ov9993/data/historisk%20statistik/SOS%201911-/Befolkningsstatistik/Folkm%C3%A4ngden%20inom%20administrativa%20omr%C3%A5den%20%28SOS%29%201910-1961/Folkm%C3%A4ngden-inom-administrativa-omr%C3%A5den-1951.pdf. SCB, Folkmängden inom administrativa områden den 31 december 1910 (SOS), tab. 1, 3) Uppsala län, Örbyhus härad (Tolfta as its own kommun); https://share.scb.se/ov9993/data/historisk%20statistik/SOS%201911-/Befolkningsstatistik/Folkm%C3%A4ngden%20inom%20administrativa%20omr%C3%A5den%20%28SOS%29%201910-1961/Folkm%C3%A4ngden-inom-administrativa-omr%C3%A5den-1910.pdf",The source names the 1863-1970 record (127.7 km2 = Tolfta församling) Tierps köping for its whole life. Tolfta landskommun held that territory until 1951-12-31
N07,name,municipality,{788F0219-7B09-4550-9D8A-1D5F4F171B02},Tierps köping,1952-01-01,1970-12-31,köping,"SCB, Folkmängden inom administrativa områden den 31 december 1951 (SOS), Anm. till Uppsala län: ""Den 1 jan. 1952 införlivades Tolfta med Tierps köping""; https://share.scb.se/ov9993/data/historisk%20statistik/SOS%201911-/Befolkningsstatistik/Folkm%C3%A4ngden%20inom%20administrativa%20omr%C3%A5den%20%28SOS%29%201910-1961/Folkm%C3%A4ngden-inom-administrativa-omr%C3%A5den-1951.pdf. SCB, MIS 1986:5 Sveriges kommuner åren 1952-1986. Förändringar i kommunindelning och kommunkoder, tabellen Kommuner och kommunkoder, Uppsala län, PDF-sidan 12 (Tierp (k) 0360; Tierp (lk) 0317, namnändr. år 1971 till 0317 Tierpsbygden); https://scb.se/contentassets/b58021618f7942c0b88c32eed6c5a49e/ov9999_1952i86_br_x22op8605.pdf","From 1952 the köping is the former Tolfta kommun plus the köping area inside Tierps församling, which the polygon does not include. The rest of Tierps församling is a separate municipality (SCB 0317 Tierps landskommun, the source's Tierps kommun {9396A3F2-A0B0-11D3-9E53-009027B0FCE9})"
N08,identity,municipality,,Tierps köping,1920-01-01,1951-12-31,no_source_unit,"SCB, Folkmängden inom administrativa områden den 31 december 1919 (SOS), Anm. till Uppsala län: ""Tierps församling omfattar Tierps kommun och Tierps köping, vilken senare den 1 januari 1920 inträdde i åtnjutande av köpingsrättigheter""; https://share.scb.se/ov9993/data/historisk%20statistik/SOS%201911-/Befolkningsstatistik/Folkm%C3%A4ngden%20inom%20administrativa%20omr%C3%A5den%20%28SOS%29%201910-1961/Folkm%C3%A4ngden-inom-administrativa-omr%C3%A5den-1919.pdf",The köping was formed inside Tierps församling (not Tolfta) on 1920-01-01 and was its own municipality beside Tierps kommun; the source has no record for it before it absorbed Tolfta in 1952
N09,name,municipality,{F4C2A1DD-A3C3-449F-9CBA-C66465B5536C},Fuxerna landskommun,1863-01-01,1950-12-31,landskommun,"SCB, Folkmängden inom administrativa områden den 31 december 1950 (SOS), Anm. till Älvsborgs län: ""Den 1 jan. 1951 bildades Lilla Edets köping av Fuxerna kommun. Lilla Edets municipalsamhälle med 2 268 inv. upplöstes samtidigt""; https://share.scb.se/ov9993/data/historisk%20statistik/SOS%201911-/Befolkningsstatistik/Folkm%C3%A4ngden%20inom%20administrativa%20omr%C3%A5den%20%28SOS%29%201910-1961/Folkm%C3%A4ngden-inom-administrativa-omr%C3%A5den-1950.pdf","The source names the 1863-1970 record (24.1 km2 = Fuxerna församling) Lilla Edets köping for its whole life. The köping was made out of the whole Fuxerna kommun on 1951-01-01, so one unit, name change only"
N10,name,municipality,{F4C2A1DD-A3C3-449F-9CBA-C66465B5536C},Lilla Edets köping,1951-01-01,1970-12-31,köping,"SCB, Folkmängden inom administrativa områden den 31 december 1950 (SOS), Anm. till Älvsborgs län: ""Den 1 jan. 1951 bildades Lilla Edets köping av Fuxerna kommun""; https://share.scb.se/ov9993/data/historisk%20statistik/SOS%201911-/Befolkningsstatistik/Folkm%C3%A4ngden%20inom%20administrativa%20omr%C3%A5den%20%28SOS%29%201910-1961/Folkm%C3%A4ngden-inom-administrativa-omr%C3%A5den-1950.pdf","Ends 1970-12-31 (Lilla Edets kommun from 1971, enlarged with Lödöse, Flundre del and Inlands Torpe)"
N11,name,municipality,{FD391AE2-1318-419C-919E-D6731CE19A68},Västanfors landskommun,1863-01-01,1943-12-31,landskommun,"SCB, Folkmängden inom administrativa områden den 31 december 1943 (SOS), texten s. 3-4: ""Vidare ombildades hela Västanfors kommun till Fagersta stad, varjämte Domnarvets kommun ingick i den nybildade Borlänge stad""; https://share.scb.se/ov9993/data/historisk%20statistik/SOS%201911-/Befolkningsstatistik/Folkm%C3%A4ngden%20inom%20administrativa%20omr%C3%A5den%20%28SOS%29%201910-1961/Folkm%C3%A4ngden-inom-administrativa-omr%C3%A5den-1943.pdf",The source names the 1863-1966 record (169.1 km2 = Västanfors församling) Fagersta stad for its whole life. The whole landskommun became the stad on 1944-01-01
N12,name,municipality,{FD391AE2-1318-419C-919E-D6731CE19A68},Fagersta stad,1944-01-01,1966-12-31,stad,"SCB, Folkmängden inom administrativa områden den 31 december 1943 (SOS), texten s. 3-4: ""ombildades hela Västanfors kommun till Fagersta stad""; https://share.scb.se/ov9993/data/historisk%20statistik/SOS%201911-/Befolkningsstatistik/Folkm%C3%A4ngden%20inom%20administrativa%20omr%C3%A5den%20%28SOS%29%201910-1961/Folkm%C3%A4ngden-inom-administrativa-omr%C3%A5den-1943.pdf. SCB, Folkmängden inom administrativa områden den 31 december 1948 (SOS), Anm. till Västmanlands län: ""Västanfors församling omfattar Fagersta stad""; https://share.scb.se/ov9993/data/historisk%20statistik/SOS%201911-/Befolkningsstatistik/Folkm%C3%A4ngden%20inom%20administrativa%20omr%C3%A5den%20%28SOS%29%201910-1961/Folkm%C3%A4ngden-inom-administrativa-omr%C3%A5den-1948.pdf",Ends 1966-12-31 (enlarged 1967 with part of Surahammar; Fagersta kommun 1982)
N13,name,municipality,{8B1748BB-FEE0-4F5F-85ED-82C85ED57503},Näsby landskommun,1863-01-01,1954-12-31,landskommun,"SCB, Folkmängden inom administrativa områden den 31 december 1954 (SOS), Anm. till Örebro län: ""Den 1 jan. 1955 ombildades Näsby kommun till Frövi köping. Vid samma tidpunkt upplöstes Frövi municipalsamhälle, som den 31 dec. 1954 räknade 1 263 inv.""; https://share.scb.se/ov9993/data/historisk%20statistik/SOS%201911-/Befolkningsstatistik/Folkm%C3%A4ngden%20inom%20administrativa%20omr%C3%A5den%20%28SOS%29%201910-1961/Folkm%C3%A4ngden-inom-administrativa-omr%C3%A5den-1954.pdf. SCB, MIS 1986:5 Sveriges kommuner åren 1952-1986. Förändringar i kommunindelning och kommunkoder, tabellen Kommuner och kommunkoder, Örebro län, PDF-sidan 61 (Näsby 1819: namn- och kodändr. år 1955 till 1865 Frövi vid erhållande av köpingsrättigheter); https://scb.se/contentassets/b58021618f7942c0b88c32eed6c5a49e/ov9999_1952i86_br_x22op8605.pdf","The source names the 1863-1970 record (67.8 km2 = Näsby församling, T-län) Frövi köping for its whole life. SCB code 1819 until 1954, 1865 from 1955"
N14,name,municipality,{8B1748BB-FEE0-4F5F-85ED-82C85ED57503},Frövi köping,1955-01-01,1970-12-31,köping,"SCB, Folkmängden inom administrativa områden den 31 december 1954 (SOS), texten s. 3 och Anm. till Örebro län: ""Däremot bildades två nya köpingar, Gnesta i Södermanlands län och Frövi i Örebro län ... Den 1 jan. 1955 ombildades Näsby kommun till Frövi köping""; https://share.scb.se/ov9993/data/historisk%20statistik/SOS%201911-/Befolkningsstatistik/Folkm%C3%A4ngden%20inom%20administrativa%20omr%C3%A5den%20%28SOS%29%201910-1961/Folkm%C3%A4ngden-inom-administrativa-omr%C3%A5den-1954.pdf. SCB, Folkmängden inom administrativa områden den 31 december 1960 (SOS), tab. 1, 18) Örebro län: ""Frövi (Näsby f.)""; https://share.scb.se/ov9993/data/historisk%20statistik/SOS%201911-/Befolkningsstatistik/Folkm%C3%A4ngden%20inom%20administrativa%20omr%C3%A5den%20%28SOS%29%201910-1961/Folkm%C3%A4ngden-inom-administrativa-omr%C3%A5den-1960.pdf",Ends 1970-12-31 (uppgick 1971 i 1885 Lindesbergs kommun)
N15,name,municipality,{0D3815BE-D50C-46E1-9A8B-D5E0C2345A56},Ramundeboda landskommun,1863-01-01,1945-12-31,landskommun,"SCB, Folkmängden inom administrativa områden den 31 december 1945 (SOS), texten s. 4-5: ""sedan vid 1946 års början Ramundeboda ombildats till köping (Laxå)""; https://share.scb.se/ov9993/data/historisk%20statistik/SOS%201911-/Befolkningsstatistik/Folkm%C3%A4ngden%20inom%20administrativa%20omr%C3%A5den%20%28SOS%29%201910-1961/Folkm%C3%A4ngden-inom-administrativa-omr%C3%A5den-1945.pdf. SCB, Folkmängden inom administrativa områden den 31 december 1945 (SOS), texten s. 4: ""ävensom Laxå i Örebro län (av hela Ramundeboda kommun)""; https://share.scb.se/ov9993/data/historisk%20statistik/SOS%201911-/Befolkningsstatistik/Folkm%C3%A4ngden%20inom%20administrativa%20omr%C3%A5den%20%28SOS%29%201910-1961/Folkm%C3%A4ngden-inom-administrativa-omr%C3%A5den-1945.pdf",The source names the 1863-1966 record (164.4 km2 = Ramundeboda församling) Laxå köping for its whole life. The whole landskommun became the köping on 1946-01-01
N16,name,municipality,{0D3815BE-D50C-46E1-9A8B-D5E0C2345A56},Laxå köping,1946-01-01,1966-12-31,köping,"SCB, Folkmängden inom administrativa områden den 31 december 1945 (SOS), texten s. 4: ""ävensom Laxå i Örebro län (av hela Ramundeboda kommun)""; https://share.scb.se/ov9993/data/historisk%20statistik/SOS%201911-/Befolkningsstatistik/Folkm%C3%A4ngden%20inom%20administrativa%20omr%C3%A5den%20%28SOS%29%201910-1961/Folkm%C3%A4ngden-inom-administrativa-omr%C3%A5den-1945.pdf. SCB, Folkmängden inom administrativa områden den 31 december 1947 (SOS), Anm. till Örebro län not 3: ""Ramundeboda församling omfattar Laxå köping""; https://share.scb.se/ov9993/data/historisk%20statistik/SOS%201911-/Befolkningsstatistik/Folkm%C3%A4ngden%20inom%20administrativa%20omr%C3%A5den%20%28SOS%29%201910-1961/Folkm%C3%A4ngden-inom-administrativa-omr%C3%A5den-1947.pdf",Ends 1966-12-31 (enlarged 1967 with part of Svartå; Laxå kommun 1860)
N17,name,municipality,{0D0DF5FA-95C4-4C6D-881E-9FAF884046FF},Melleruds köping,1952-01-01,1968-12-31,köping,"Årsbok för Sveriges kommuner 1951 (SCB), Förteckning över de blivande storkommunerna och deras omfattning, s. 219 (Älvsborgs län: Melleruds köping: Holm, Melleruds köping och Järn); https://www.scb.se/contentassets/6a74a52b28994e2bbe23dcdd6754987c/blivande-storkommuner-1.pdf. SCB, MIS 1986:5 Sveriges kommuner åren 1952-1986. Förändringar i kommunindelning och kommunkoder, tabellen Kommuner och kommunkoder, Älvsborgs län, PDF-sidan 50 (Mellerud 1561, utvidg. år 1969 med 1509 Kroppefjäll, 1510 Skållerud); https://scb.se/contentassets/b58021618f7942c0b88c32eed6c5a49e/ov9999_1952i86_br_x22op8605.pdf",The source's 1863-1968 record (82.9 km2 = Holms församling (P-län) 59.1 + Järns församling 23.8) is named Melleruds köping for its whole life. From 1952-01-01 the name is right: the köping then covered both parishes
N18,identity,municipality,,Holms landskommun (P-län),1863-01-01,1951-12-31,no_source_unit,"SCB, Folkmängden inom administrativa områden den 31 december 1910 (SOS), Anm. till Älvsborgs län: ""Holms församling omfattar Holms kommun och Melleruds köping""; https://share.scb.se/ov9993/data/historisk%20statistik/SOS%201911-/Befolkningsstatistik/Folkm%C3%A4ngden%20inom%20administrativa%20omr%C3%A5den%20%28SOS%29%201910-1961/Folkm%C3%A4ngden-inom-administrativa-omr%C3%A5den-1910.pdf. Årsbok för Sveriges kommuner 1951 (SCB), Förteckning över de blivande storkommunerna och deras omfattning, s. 219 (Melleruds köping: Holm, Melleruds köping och Järn); https://www.scb.se/contentassets/6a74a52b28994e2bbe23dcdd6754987c/blivande-storkommuner-1.pdf","Holms landskommun held Holms församling (P-län) outside the köping until 1951-12-31; the source has no record for it (its three Holms kommun records are the Holm parishes of C, N and Y county). The territory is inside the polygon of {0D0DF5FA-95C4-4C6D-881E-9FAF884046FF}"
N19,identity,municipality,,Järns landskommun,1863-01-01,1951-12-31,no_source_unit,"SCB, Folkmängden inom administrativa områden den 31 december 1910 (SOS), tab. 1, 15) Älvsborgs län, Nordals härad (Järn 611 inv. as its own kommun); https://share.scb.se/ov9993/data/historisk%20statistik/SOS%201911-/Befolkningsstatistik/Folkm%C3%A4ngden%20inom%20administrativa%20omr%C3%A5den%20%28SOS%29%201910-1961/Folkm%C3%A4ngden-inom-administrativa-omr%C3%A5den-1910.pdf. Årsbok för Sveriges kommuner 1951 (SCB), Förteckning över de blivande storkommunerna och deras omfattning, s. 219 (Melleruds köping: Holm, Melleruds köping och Järn); https://www.scb.se/contentassets/6a74a52b28994e2bbe23dcdd6754987c/blivande-storkommuner-1.pdf",Järns landskommun was its own municipality until 1951-12-31; the source has no record for it and its territory is inside the polygon of {0D0DF5FA-95C4-4C6D-881E-9FAF884046FF}
N20,identity,municipality,,Melleruds köping,,1951-12-31,,"C. M. Rosenberg, Geografiskt-statistiskt handlexikon öfver Sverige (1882-83), vol. 2 s. 167, art. Mellerud i Elfsborgs län: ""Jernvägs-, post- och telegrafstation ... Platsen ligger inom Holms sn, Nordals hd"" (no köping in 1882); https://runeberg.org/rosenberg/2/0167.html. SCB, Folkmängden inom administrativa områden den 31 december 1910 (SOS), Anm. till Älvsborgs län: ""Holms församling omfattar Holms kommun och Melleruds köping""; https://share.scb.se/ov9993/data/historisk%20statistik/SOS%201911-/Befolkningsstatistik/Folkm%C3%A4ngden%20inom%20administrativa%20omr%C3%A5den%20%28SOS%29%201910-1961/Folkm%C3%A4ngden-inom-administrativa-omr%C3%A5den-1910.pdf","The köping was its own municipality inside Holms församling before 1910 and until 1951, but the date it received köpingsrättigheter was NOT established: it lies between 1883 and 1910. Checked: every Anmärkningar and introduction of Folkmängden inom administrativa områden 1910-1961 (no formation note for Mellerud), Rosenberg 1882-83, MIS 1986:5 (starts 1952)"
N21,membership,municipality,{9396AAEB-A0B0-11D3-9E53-009027B0FCE9},Holms församling (P-län),1863-01-01,1951-12-31,Holms landskommun (P-län),"SCB, Folkmängden inom administrativa områden den 31 december 1910 (SOS), Anm. till Älvsborgs län: ""Holms församling omfattar Holms kommun och Melleruds köping""; https://share.scb.se/ov9993/data/historisk%20statistik/SOS%201911-/Befolkningsstatistik/Folkm%C3%A4ngden%20inom%20administrativa%20omr%C3%A5den%20%28SOS%29%201910-1961/Folkm%C3%A4ngden-inom-administrativa-omr%C3%A5den-1910.pdf","type_id is the parent type, as m3_evidence.R reads this column. The parish was shared with Melleruds köping, so this is a parish part, like Kulltorp (M31-M35)"
N22,membership,municipality,{9396AAEC-A0B0-11D3-9E53-009027B0FCE9},Järns församling,1863-01-01,1951-12-31,Järns landskommun,"SCB, Folkmängden inom administrativa områden den 31 december 1910 (SOS), tab. 1, 15) Älvsborgs län, Nordals härad (Järn as its own kommun); https://share.scb.se/ov9993/data/historisk%20statistik/SOS%201911-/Befolkningsstatistik/Folkm%C3%A4ngden%20inom%20administrativa%20omr%C3%A5den%20%28SOS%29%201910-1961/Folkm%C3%A4ngden-inom-administrativa-omr%C3%A5den-1910.pdf. Årsbok för Sveriges kommuner 1951 (SCB), Förteckning över de blivande storkommunerna och deras omfattning, s. 219; https://www.scb.se/contentassets/6a74a52b28994e2bbe23dcdd6754987c/blivande-storkommuner-1.pdf","type_id is the parent type, as m3_evidence.R reads this column"
N23,name,municipality,{41BA6CBC-D898-4CA1-BDB0-AD1C800500C9},Risinge landskommun,1863-01-01,1941-12-31,landskommun,"SCB, Folkmängden inom administrativa områden den 31 december 1941 (SOS), Anm. till Östergötlands län: ""Den 1 jan. 1942 bildades Finspångs köping av Risinge kommun. Risinge församling omfattar Finspångs köping""; https://share.scb.se/ov9993/data/historisk%20statistik/SOS%201911-/Befolkningsstatistik/Folkm%C3%A4ngden%20inom%20administrativa%20omr%C3%A5den%20%28SOS%29%201910-1961/Folkm%C3%A4ngden-inom-administrativa-omr%C3%A5den-1941.pdf",The source names the 1863-1970 record (368.5 km2 = Risinge församling) Finspångs köping for its whole life. The whole landskommun became the köping on 1942-01-01
N24,name,municipality,{41BA6CBC-D898-4CA1-BDB0-AD1C800500C9},Finspångs köping,1942-01-01,1970-12-31,köping,"SCB, Folkmängden inom administrativa områden den 31 december 1941 (SOS), Anm. till Östergötlands län: ""Den 1 jan. 1942 bildades Finspångs köping av Risinge kommun""; https://share.scb.se/ov9993/data/historisk%20statistik/SOS%201911-/Befolkningsstatistik/Folkm%C3%A4ngden%20inom%20administrativa%20omr%C3%A5den%20%28SOS%29%201910-1961/Folkm%C3%A4ngden-inom-administrativa-omr%C3%A5den-1941.pdf. SCB, Folkmängden inom administrativa områden den 31 december 1945 (SOS), Anm. till Östergötlands län not 1: ""Risinge församling omfattar Finspångs köping""; https://share.scb.se/ov9993/data/historisk%20statistik/SOS%201911-/Befolkningsstatistik/Folkm%C3%A4ngden%20inom%20administrativa%20omr%C3%A5den%20%28SOS%29%201910-1961/Folkm%C3%A4ngden-inom-administrativa-omr%C3%A5den-1945.pdf","Ends 1970-12-31 (Finspångs kommun 0562 from 1971, enlarged with Hällestad and Hävla)"
N25,name,municipality,{DC6FE75E-06D3-4A41-958C-954D04CA56F3},Tingsås landskommun,1863-01-01,1951-12-31,landskommun,"SCB, Folkmängden inom administrativa områden den 31 december 1951 (SOS), Anm. till Kronobergs län: ""Den 1 jan. 1952 införlivades Tingsås kommun med 1 817 inv. med Tingsryds köping""; https://share.scb.se/ov9993/data/historisk%20statistik/SOS%201911-/Befolkningsstatistik/Folkm%C3%A4ngden%20inom%20administrativa%20omr%C3%A5den%20%28SOS%29%201910-1961/Folkm%C3%A4ngden-inom-administrativa-omr%C3%A5den-1951.pdf",The source names the 1863-1970 record (157.8 km2 = Tingsås församling) Tingsryds köping for its whole life. Tingsås landskommun held the parish outside the köping until 1951-12-31
N26,name,municipality,{DC6FE75E-06D3-4A41-958C-954D04CA56F3},Tingsryds köping,1952-01-01,1970-12-31,köping,"SCB, Folkmängden inom administrativa områden den 31 december 1951 (SOS), Anm. till Kronobergs län: ""Den 1 jan. 1952 införlivades Tingsås kommun med 1 817 inv. med Tingsryds köping""; https://share.scb.se/ov9993/data/historisk%20statistik/SOS%201911-/Befolkningsstatistik/Folkm%C3%A4ngden%20inom%20administrativa%20omr%C3%A5den%20%28SOS%29%201910-1961/Folkm%C3%A4ngden-inom-administrativa-omr%C3%A5den-1951.pdf. SCB, Folkmängden inom administrativa områden den 31 december 1960 (SOS), tab. 1, 7) Kronobergs län: ""Tingsryd (Tingsås f.)""; https://share.scb.se/ov9993/data/historisk%20statistik/SOS%201911-/Befolkningsstatistik/Folkm%C3%A4ngden%20inom%20administrativa%20omr%C3%A5den%20%28SOS%29%201910-1961/Folkm%C3%A4ngden-inom-administrativa-omr%C3%A5den-1960.pdf",Ends 1970-12-31 (Tingsryds kommun 0763 from 1971)
N27,identity,municipality,,Tingsryds köping,1921-01-01,1951-12-31,no_source_unit,"SCB, Folkmängden inom administrativa områden den 31 december 1920 (SOS), Anm. till Kronobergs län: ""Tingsås församling omfattar Tingsås kommun och Tingsryds köping, vilken senare den 1 januari 1921 inträdde i åtnjutande av köpingsrättigheter""; https://share.scb.se/ov9993/data/historisk%20statistik/SOS%201911-/Befolkningsstatistik/Folkm%C3%A4ngden%20inom%20administrativa%20omr%C3%A5den%20%28SOS%29%201910-1961/Folkm%C3%A4ngden-inom-administrativa-omr%C3%A5den-1920.pdf",The köping was its own municipality inside Tingsås församling from 1921-01-01 until it absorbed Tingsås kommun in 1952; the source has no record for it. Its territory is inside the polygon of {DC6FE75E-06D3-4A41-958C-954D04CA56F3}
N28,name,municipality,{8291CD36-59E6-4F19-8128-CA4FAA262CE1},Ärtemarks landskommun,1863-01-01,1951-12-31,landskommun,"SCB, Folkmängden inom administrativa områden den 31 december 1931 (SOS), Anm. till Älvsborgs län: ""Ärtemarks församling omfattar Ärtemarks kommun och Bengtsfors köping""; https://share.scb.se/ov9993/data/historisk%20statistik/SOS%201911-/Befolkningsstatistik/Folkm%C3%A4ngden%20inom%20administrativa%20omr%C3%A5den%20%28SOS%29%201910-1961/Folkm%C3%A4ngden-inom-administrativa-omr%C3%A5den-1931.pdf. SCB, Folkmängden inom administrativa områden den 31 december 1910 (SOS), tab. 1, 15) Älvsborgs län, Vedbo härad (Ärtemark 3 664 inv. as its own kommun); https://share.scb.se/ov9993/data/historisk%20statistik/SOS%201911-/Befolkningsstatistik/Folkm%C3%A4ngden%20inom%20administrativa%20omr%C3%A5den%20%28SOS%29%201910-1961/Folkm%C3%A4ngden-inom-administrativa-omr%C3%A5den-1910.pdf",The source names the 1863-1970 record (171.7 km2 = Ärtemarks församling) Bengtsfors köping for its whole life. Ärtemarks landskommun held the parish outside the köping until 1951-12-31
N29,name,municipality,{8291CD36-59E6-4F19-8128-CA4FAA262CE1},Bengtsfors köping,1952-01-01,1970-12-31,köping,"Årsbok för Sveriges kommuner 1951 (SCB), Förteckning över de blivande storkommunerna och deras omfattning, s. 219 (Älvsborgs län: Bengtsfors köping: Bengtsfors köping samt del av Ärtemark; Lelång: Laxarby, Vårvik och Torrskog samt del av Ärtemark); https://www.scb.se/contentassets/6a74a52b28994e2bbe23dcdd6754987c/blivande-storkommuner-1.pdf. SCB, Folkmängden inom administrativa områden den 31 december 1952 (SOS), Anm. till Älvsborgs län: ""Ärtemarks församling omfattar del av Lelångs kommun och Bengtsfors köping""; https://share.scb.se/ov9993/data/historisk%20statistik/SOS%201911-/Befolkningsstatistik/Folkm%C3%A4ngden%20inom%20administrativa%20omr%C3%A5den%20%28SOS%29%201910-1961/Folkm%C3%A4ngden-inom-administrativa-omr%C3%A5den-1952.pdf","From 1952 Ärtemarks församling is divided between Bengtsfors köping and Lelångs kommun, so the whole-parish polygon overstates the köping; the parish is a parish part from 1952-01-01. Ends 1970-12-31"
N30,identity,municipality,,Bengtsfors köping,1926-01-01,1951-12-31,no_source_unit,"SCB, Folkmängden inom administrativa områden den 31 december 1925 (SOS), texten s. 4: ""Köpingskommunerna ökades vid 1926 års ingång med två, Hässelby villastad och Bengtsfors; å andra sidan avgår Lidingö, som blivit stad""; https://share.scb.se/ov9993/data/historisk%20statistik/SOS%201911-/Befolkningsstatistik/Folkm%C3%A4ngden%20inom%20administrativa%20omr%C3%A5den%20%28SOS%29%201910-1961/Folkm%C3%A4ngden-inom-administrativa-omr%C3%A5den-1925.pdf",The köping was its own municipality inside Ärtemarks församling from 1926-01-01; the source has no record for it. Rosenberg 1882-83 vol. 1 s. 84 has Bengtsfors only as a Bruksort i Årtemarks sn (https://runeberg.org/rosenberg/1/0084.html)
N31,name,municipality,{A69E1E86-F6D7-481C-AE23-90AAF5036C30},Kinnarumma landskommun,1863-01-01,1960-12-31,landskommun,"SCB, Folkmängden inom administrativa områden den 31 december 1960 (SOS), texten s. 2 och Anm. till Älvsborgs län: ""Kinnarumma och Seglora i Älvsborgs län [har sammanlagts] till en kommun benämnd Viskafors ... Den 1 jan. 1961 sammanlades Kinnarumma och Seglora kommuner till en kommun, benämnd Viskafors""; https://share.scb.se/ov9993/data/historisk%20statistik/SOS%201911-/Befolkningsstatistik/Folkm%C3%A4ngden%20inom%20administrativa%20omr%C3%A5den%20%28SOS%29%201910-1961/Folkm%C3%A4ngden-inom-administrativa-omr%C3%A5den-1960.pdf. SCB, Folkmängden inom administrativa områden den 31 december 1910 (SOS), tab. 1, 15) Älvsborgs län, Marks härad (Kinnarumma 2 261 inv. as its own kommun); https://share.scb.se/ov9993/data/historisk%20statistik/SOS%201911-/Befolkningsstatistik/Folkm%C3%A4ngden%20inom%20administrativa%20omr%C3%A5den%20%28SOS%29%201910-1961/Folkm%C3%A4ngden-inom-administrativa-omr%C3%A5den-1910.pdf. Årsbok för Sveriges kommuner 1951 (SCB), Förteckning över de blivande storkommunerna och deras omfattning, s. 220 (Älvsborgs län: Kinnarumma: Kinnarumma); https://www.scb.se/contentassets/6a74a52b28994e2bbe23dcdd6754987c/blivande-storkommuner-1.pdf. SCB, MIS 1986:5 Sveriges kommuner åren 1952-1986. Förändringar i kommunindelning och kommunkoder, tabellen Kommuner och kommunkoder, Älvsborgs län, PDF-sidan 49 (Kinnarumma 1539, uppgick år 1961 i 1538 Viskafors); https://scb.se/contentassets/b58021618f7942c0b88c32eed6c5a49e/ov9999_1952i86_br_x22op8605.pdf","NOT a missing unit: the source has it as Kinnarums landskommun, 1863-1960, with the right period; only the name is corrupt. Its successor Viskafors kommun is Seglora landskommun renamed and enlarged (MIS PDF-sidan 50: Seglora 1538, namnändr. år 1961 till 1538 Viskafors), which the source models correctly"
N32,name,municipality,,Noraskogs landskommun,1952-01-01,1964-12-31,landskommun,"Årsbok för Sveriges kommuner 1951 (SCB), Förteckning över de blivande storkommunerna och deras omfattning, s. 222 (Örebro län: Noraskog: Hjulsjö, Järnboås, Nora landskommun och Viker); https://www.scb.se/contentassets/6a74a52b28994e2bbe23dcdd6754987c/blivande-storkommuner-1.pdf. SCB, MIS 1986:5 Sveriges kommuner åren 1952-1986. Förändringar i kommunindelning och kommunkoder, tabellen Kommuner och kommunkoder, Örebro län, PDF-sidan 61 (Noraskog 1817, uppgick år 1965 i 1884 Nora; Nora 1884, utvidg. år 1965 med 1817 Noraskog); https://scb.se/contentassets/b58021618f7942c0b88c32eed6c5a49e/ov9999_1952i86_br_x22op8605.pdf. SCB, Folkmängden inom administrativa områden den 31 december 1958 (SOS), Anm. till Örebro län: ""Den 1 jan. 1959 överflyttades ett område med 5 inv. från Nora bergsförsamling till Järnboås förs., båda inom Noraskogs kommun""; https://share.scb.se/ov9993/data/historisk%20statistik/SOS%201911-/Befolkningsstatistik/Folkm%C3%A4ngden%20inom%20administrativa%20omr%C3%A5den%20%28SOS%29%201910-1961/Folkm%C3%A4ngden-inom-administrativa-omr%C3%A5den-1958.pdf. SCB, Folkmängden inom administrativa områden den 31 december 1960 (SOS), tab. 1, 18) Örebro län (Noraskog 3 810 inv.); https://share.scb.se/ov9993/data/historisk%20statistik/SOS%201911-/Befolkningsstatistik/Folkm%C3%A4ngden%20inom%20administrativa%20omr%C3%A5den%20%28SOS%29%201910-1961/Folkm%C3%A4ngden-inom-administrativa-omr%C3%A5den-1960.pdf","The 1952 storkommun of Nora landskommun, Viker, Hjulsjö and Järnboås, SCB code 1817. It ended 1964-12-31, when Nora stad was enlarged with it. The source has no record: its Nora landskommun {F42B4A66-BE9D-...} ends 1951 and Nora stad {05FFBE4F-2CFF-42A6-8F2B-4FE2AAB00FB3} runs 1863-1966"
N33,identity,municipality,,Noraskogs landskommun,1952-01-01,1964-12-31,no_source_unit,"Årsbok för Sveriges kommuner 1951 (SCB), Förteckning över de blivande storkommunerna och deras omfattning, s. 222 (Örebro län: Noraskog: Hjulsjö, Järnboås, Nora landskommun och Viker); https://www.scb.se/contentassets/6a74a52b28994e2bbe23dcdd6754987c/blivande-storkommuner-1.pdf. SCB, MIS 1986:5 Sveriges kommuner åren 1952-1986. Förändringar i kommunindelning och kommunkoder, tabellen Kommuner och kommunkoder, Örebro län, PDF-sidan 61 (Noraskog 1817, uppgick år 1965 i 1884 Nora; Nora 1884, utvidg. år 1965 med 1817 Noraskog); https://scb.se/contentassets/b58021618f7942c0b88c32eed6c5a49e/ov9999_1952i86_br_x22op8605.pdf. SCB, Folkmängden inom administrativa områden den 31 december 1958 (SOS), Anm. till Örebro län: ""Den 1 jan. 1959 överflyttades ett område med 5 inv. från Nora bergsförsamling till Järnboås förs., båda inom Noraskogs kommun""; https://share.scb.se/ov9993/data/historisk%20statistik/SOS%201911-/Befolkningsstatistik/Folkm%C3%A4ngden%20inom%20administrativa%20omr%C3%A5den%20%28SOS%29%201910-1961/Folkm%C3%A4ngden-inom-administrativa-omr%C3%A5den-1958.pdf. SCB, Folkmängden inom administrativa områden den 31 december 1960 (SOS), tab. 1, 18) Örebro län (Noraskog 3 810 inv.); https://share.scb.se/ov9993/data/historisk%20statistik/SOS%201911-/Befolkningsstatistik/Folkm%C3%A4ngden%20inom%20administrativa%20omr%C3%A5den%20%28SOS%29%201910-1961/Folkm%C3%A4ngden-inom-administrativa-omr%C3%A5den-1960.pdf","SCB code 1817, in no SCB parish code list (it ended before 1967), so m3a has no unit for it either"
N34,membership,municipality,{9396ADBC-A0B0-11D3-9E53-009027B0FCE9},Nora Bergs församling,1952-01-01,1964-12-31,Noraskogs landskommun,"Årsbok för Sveriges kommuner 1951 (SCB), Förteckning över de blivande storkommunerna och deras omfattning, s. 222 (Örebro län: Noraskog: Hjulsjö, Järnboås, Nora landskommun och Viker); https://www.scb.se/contentassets/6a74a52b28994e2bbe23dcdd6754987c/blivande-storkommuner-1.pdf","type_id is the parent type, as m3_evidence.R reads this column. From 1965-01-01 the parish is in Nora stad (SCB 1884)"
N35,membership,municipality,{9396ADC3-A0B0-11D3-9E53-009027B0FCE9},Vikers församling,1952-01-01,1964-12-31,Noraskogs landskommun,"Årsbok för Sveriges kommuner 1951 (SCB), Förteckning över de blivande storkommunerna och deras omfattning, s. 222 (Örebro län: Noraskog: Hjulsjö, Järnboås, Nora landskommun och Viker); https://www.scb.se/contentassets/6a74a52b28994e2bbe23dcdd6754987c/blivande-storkommuner-1.pdf","type_id is the parent type, as m3_evidence.R reads this column. From 1965-01-01 the parish is in Nora stad (SCB 1884)"
N36,membership,municipality,{9396AD7F-A0B0-11D3-9E53-009027B0FCE9},Hjulsjö församling,1952-01-01,1964-12-31,Noraskogs landskommun,"Årsbok för Sveriges kommuner 1951 (SCB), Förteckning över de blivande storkommunerna och deras omfattning, s. 222 (Örebro län: Noraskog: Hjulsjö, Järnboås, Nora landskommun och Viker); https://www.scb.se/contentassets/6a74a52b28994e2bbe23dcdd6754987c/blivande-storkommuner-1.pdf","type_id is the parent type, as m3_evidence.R reads this column. From 1965-01-01 the parish is in Nora stad (SCB 1884)"
N37,membership,municipality,{9396ADBB-A0B0-11D3-9E53-009027B0FCE9},Järnboås församling,1952-01-01,1964-12-31,Noraskogs landskommun,"Årsbok för Sveriges kommuner 1951 (SCB), Förteckning över de blivande storkommunerna och deras omfattning, s. 222 (Örebro län: Noraskog: Hjulsjö, Järnboås, Nora landskommun och Viker); https://www.scb.se/contentassets/6a74a52b28994e2bbe23dcdd6754987c/blivande-storkommuner-1.pdf","type_id is the parent type, as m3_evidence.R reads this column. From 1965-01-01 the parish is in Nora stad (SCB 1884)"
N38,name,municipality,SCB:1720,Värmlandsnäs landskommun,1952-01-01,1970-12-31,landskommun,"Årsbok för Sveriges kommuner 1951 (SCB), Förteckning över de blivande storkommunerna och deras omfattning, s. 222 (Värmlands län: Värmlandsnäs: Bro, Södra Ny, Huggenäs, Botilsäter, Ölserud, Millesvik och Eskilsäter); https://www.scb.se/contentassets/6a74a52b28994e2bbe23dcdd6754987c/blivande-storkommuner-1.pdf. SCB, MIS 1986:5 Sveriges kommuner åren 1952-1986. Förändringar i kommunindelning och kommunkoder, tabellen Kommuner och kommunkoder, Värmlands län, PDF-sidan 59 (Värmlandsnäs 1720, uppgick år 1971 i 1785 Säffle); https://scb.se/contentassets/b58021618f7942c0b88c32eed6c5a49e/ov9999_1952i86_br_x22op8605.pdf. SCB, Folkmängden inom administrativa områden den 31 december 1960 (SOS), tab. 1, 17) Värmlands län (Värmlandsnäs 3 275 inv. beside Värmlandsberg 5 314 inv.); https://share.scb.se/ov9993/data/historisk%20statistik/SOS%201911-/Befolkningsstatistik/Folkm%C3%A4ngden%20inom%20administrativa%20omr%C3%A5den%20%28SOS%29%201910-1961/Folkm%C3%A4ngden-inom-administrativa-omr%C3%A5den-1960.pdf","SCB 1720 is Värmlandsnäs, not Värmlandsberg (SCB 1706). m3a named it from the source unit it matched, which carries both names' territory (see N39). The two are different municipalities in different parts of the county: Värmlandsnäs on the peninsula in Vänern, Värmlandsberg in the Filipstad bergslag"
N39,identity,municipality,SCB:1720,Värmlandsnäs landskommun,1952-01-01,1970-12-31,{F78CA7FC-62A7-4AF9-A8E1-730F9E25C073},"Årsbok för Sveriges kommuner 1951 (SCB), Förteckning över de blivande storkommunerna och deras omfattning, s. 222 (Värmlands län: Värmlandsnäs: Bro, Södra Ny, Huggenäs, Botilsäter, Ölserud, Millesvik och Eskilsäter); https://www.scb.se/contentassets/6a74a52b28994e2bbe23dcdd6754987c/blivande-storkommuner-1.pdf. SCB, MIS 1986:5 Sveriges kommuner åren 1952-1986. Förändringar i kommunindelning och kommunkoder, tabellen Kommuner och kommunkoder, Värmlands län, PDF-sidan 59 (Värmlandsnäs 1720, uppgick år 1971 i 1785 Säffle); https://scb.se/contentassets/b58021618f7942c0b88c32eed6c5a49e/ov9999_1952i86_br_x22op8605.pdf. SCB, Folkmängden inom administrativa områden den 31 december 1960 (SOS), tab. 1, 17) Värmlands län (Värmlandsnäs 3 275 inv. beside Värmlandsberg 5 314 inv.); https://share.scb.se/ov9993/data/historisk%20statistik/SOS%201911-/Befolkningsstatistik/Folkm%C3%A4ngden%20inom%20administrativa%20omr%C3%A5den%20%28SOS%29%201910-1961/Folkm%C3%A4ngden-inom-administrativa-omr%C3%A5den-1960.pdf. Riksarkivet topografi: the topo_id has two polygons of 404.6 and 1 225.7 km2, both named Värmlandsbergs landskommun 1952-1970","The 404.6 km2 polygon is Värmlandsnäs (it covers Ölserud, Botilsäter, Ny-Huggenäs/Södra Ny, Bro, Millesvik and Eskilsäter); the 1 225.7 km2 one is Värmlandsberg (Gåsborn, Färnebo, Nordmark, Brattfors, = SCB 1706, correct in M10/M26). Both records share the topo_id, so m1 makes them one unit and m3a matches both SCB municipalities to it: record 4618 is both Värmlandsberg and Värmlandsnäs. Separating them needs a record-level split (a separate_unit correction), not a name"
N40,name,municipality,SCB:2035,Våmhus landskommun,1863-01-01,1970-12-31,landskommun,"SCB, Folkmängden inom administrativa områden den 31 december 1910 (SOS), tab. 1, 20) Kopparbergs län, Mora tingslag (Våmhus 1 578 inv. as its own kommun, beside Mora 9 045 and Morastrands köping 1 277); https://share.scb.se/ov9993/data/historisk%20statistik/SOS%201911-/Befolkningsstatistik/Folkm%C3%A4ngden%20inom%20administrativa%20omr%C3%A5den%20%28SOS%29%201910-1961/Folkm%C3%A4ngden-inom-administrativa-omr%C3%A5den-1910.pdf. Årsbok för Sveriges kommuner 1951 (SCB), Förteckning över de blivande storkommunerna och deras omfattning, s. 223 (Kopparbergs län: Våmhus: Våmhus); https://www.scb.se/contentassets/6a74a52b28994e2bbe23dcdd6754987c/blivande-storkommuner-1.pdf. SCB, MIS 1986:5 Sveriges kommuner åren 1952-1986. Förändringar i kommunindelning och kommunkoder, tabellen Kommuner och kommunkoder, Kopparbergs län, PDF-sidan 67 (Våmhus 2035, uppgick år 1971 i 2062 Mora); https://scb.se/contentassets/b58021618f7942c0b88c32eed6c5a49e/ov9999_1952i86_br_x22op8605.pdf. SCB, Folkmängden inom administrativa områden den 31 december 1960 (SOS), tab. 1, 20) Kopparbergs län (Våmhus 1 324 inv.); https://share.scb.se/ov9993/data/historisk%20statistik/SOS%201911-/Befolkningsstatistik/Folkm%C3%A4ngden%20inom%20administrativa%20omr%C3%A5den%20%28SOS%29%201910-1961/Folkm%C3%A4ngden-inom-administrativa-omr%C3%A5den-1960.pdf","m3a calls SCB 2035 Mora kommun because that is the source unit it matched (jaccard 0.5). The start 1863-01-01 is the general start of the landskommuner (kommunalförordningarna of 1862, in force 1863-01-01) and is NOT separately verified for Våmhus: the earliest listing checked is FAO 1910, and neither the Anmärkningar 1910-1961 nor MIS 1986:5 records a formation"
N41,identity,municipality,SCB:2035,Våmhus landskommun,1863-01-01,1970-12-31,no_source_unit,"SCB, Folkmängden inom administrativa områden den 31 december 1910 (SOS), tab. 1, 20) Kopparbergs län, Mora tingslag (Våmhus 1 578 inv. as its own kommun, beside Mora 9 045 and Morastrands köping 1 277); https://share.scb.se/ov9993/data/historisk%20statistik/SOS%201911-/Befolkningsstatistik/Folkm%C3%A4ngden%20inom%20administrativa%20omr%C3%A5den%20%28SOS%29%201910-1961/Folkm%C3%A4ngden-inom-administrativa-omr%C3%A5den-1910.pdf. Årsbok för Sveriges kommuner 1951 (SCB), Förteckning över de blivande storkommunerna och deras omfattning, s. 223 (Kopparbergs län: Våmhus: Våmhus); https://www.scb.se/contentassets/6a74a52b28994e2bbe23dcdd6754987c/blivande-storkommuner-1.pdf. SCB, MIS 1986:5 Sveriges kommuner åren 1952-1986. Förändringar i kommunindelning och kommunkoder, tabellen Kommuner och kommunkoder, Kopparbergs län, PDF-sidan 67 (Våmhus 2035, uppgick år 1971 i 2062 Mora); https://scb.se/contentassets/b58021618f7942c0b88c32eed6c5a49e/ov9999_1952i86_br_x22op8605.pdf. SCB, Folkmängden inom administrativa områden den 31 december 1960 (SOS), tab. 1, 20) Kopparbergs län (Våmhus 1 324 inv.); https://share.scb.se/ov9993/data/historisk%20statistik/SOS%201911-/Befolkningsstatistik/Folkm%C3%A4ngden%20inom%20administrativa%20omr%C3%A5den%20%28SOS%29%201910-1961/Folkm%C3%A4ngden-inom-administrativa-omr%C3%A5den-1960.pdf","The source has no municipality record for Våmhus; its register links Våmhus församling to Mora kommun {9396AE56-A0B0-11D3-9E53-009027B0FCE9} for 1863-1970, which is why the parish sits in Mora in the model"
N42,membership,municipality,{9396AE5B-A0B0-11D3-9E53-009027B0FCE9},Våmhus församling,1863-01-01,1970-12-31,Våmhus landskommun,"SCB, Folkmängden inom administrativa områden den 31 december 1910 (SOS), tab. 1, 20) Kopparbergs län, Mora tingslag (Våmhus 1 578 inv. as its own kommun, beside Mora 9 045 and Morastrands köping 1 277); https://share.scb.se/ov9993/data/historisk%20statistik/SOS%201911-/Befolkningsstatistik/Folkm%C3%A4ngden%20inom%20administrativa%20omr%C3%A5den%20%28SOS%29%201910-1961/Folkm%C3%A4ngden-inom-administrativa-omr%C3%A5den-1910.pdf. Årsbok för Sveriges kommuner 1951 (SCB), Förteckning över de blivande storkommunerna och deras omfattning, s. 223 (Kopparbergs län: Våmhus: Våmhus); https://www.scb.se/contentassets/6a74a52b28994e2bbe23dcdd6754987c/blivande-storkommuner-1.pdf. SCB, MIS 1986:5 Sveriges kommuner åren 1952-1986. Förändringar i kommunindelning och kommunkoder, tabellen Kommuner och kommunkoder, Kopparbergs län, PDF-sidan 67 (Våmhus 2035, uppgick år 1971 i 2062 Mora); https://scb.se/contentassets/b58021618f7942c0b88c32eed6c5a49e/ov9999_1952i86_br_x22op8605.pdf. SCB, Folkmängden inom administrativa områden den 31 december 1960 (SOS), tab. 1, 20) Kopparbergs län (Våmhus 1 324 inv.); https://share.scb.se/ov9993/data/historisk%20statistik/SOS%201911-/Befolkningsstatistik/Folkm%C3%A4ngden%20inom%20administrativa%20omr%C3%A5den%20%28SOS%29%201910-1961/Folkm%C3%A4ngden-inom-administrativa-omr%C3%A5den-1960.pdf","type_id is the parent type, as m3_evidence.R reads this column. From 1971-01-01 the parish is in Mora kommun (SCB 2062), which the source already has"
N43,name,municipality,{0D89013C-E93E-426D-B322-6287CACA61E5},Kumla landskommun,1863-01-01,1966-12-31,landskommun,"SCB, Folkmängden inom administrativa områden den 31 december 1942 (SOS), Anm. till Örebro län not 6: ""Kumla församling omfattar Kumla landskommun och Kumla stad""; https://share.scb.se/ov9993/data/historisk%20statistik/SOS%201911-/Befolkningsstatistik/Folkm%C3%A4ngden%20inom%20administrativa%20omr%C3%A5den%20%28SOS%29%201910-1961/Folkm%C3%A4ngden-inom-administrativa-omr%C3%A5den-1942.pdf. SCB, Folkmängden inom administrativa områden den 31 december 1951 (SOS), Anm. till Örebro län not 2: ""Kumla församling omfattar del av Kumla landskommun och Kumla stad""; https://share.scb.se/ov9993/data/historisk%20statistik/SOS%201911-/Befolkningsstatistik/Folkm%C3%A4ngden%20inom%20administrativa%20omr%C3%A5den%20%28SOS%29%201910-1961/Folkm%C3%A4ngden-inom-administrativa-omr%C3%A5den-1951.pdf. Årsbok för Sveriges kommuner 1951 (SCB), Förteckning över de blivande storkommunerna och deras omfattning, s. 222 (Örebro län: Kumla landskommun: Kumla landskommun och Hardemo); https://www.scb.se/contentassets/6a74a52b28994e2bbe23dcdd6754987c/blivande-storkommuner-1.pdf. SCB, MIS 1986:5 Sveriges kommuner åren 1952-1986. Förändringar i kommunindelning och kommunkoder, tabellen Kommuner och kommunkoder, Örebro län, PDF-sidan 61 (Kumla (lk) 1813, uppgick år 1967 i 1881 Kumla (s); Kumla (s) 1881, utvidg. år 1967 med 1813 Kumla (lk)); https://scb.se/contentassets/b58021618f7942c0b88c32eed6c5a49e/ov9999_1952i86_br_x22op8605.pdf. SCB, Folkmängden inom administrativa områden den 31 december 1960 (SOS), tab. 1, 18) Örebro län (Kumla lk. (Kumla f., del av) 4 883 inv. beside Kumla (Kumla f., del av) 9 997); https://share.scb.se/ov9993/data/historisk%20statistik/SOS%201911-/Befolkningsstatistik/Folkm%C3%A4ngden%20inom%20administrativa%20omr%C3%A5den%20%28SOS%29%201910-1961/Folkm%C3%A4ngden-inom-administrativa-omr%C3%A5den-1960.pdf","The source record is named Kumla kommun 1863-1951 (112.4 km2 = the whole Kumla församling, T-län) and ends in 1951, but the landskommun continued to 1966-12-31, when Kumla stad was enlarged with it. SCB code 1813. Only part of the parish was in the landskommun: the köping, and from 1942-01-01 Kumla stad, held the rest (SCB, Folkmängden inom administrativa områden den 31 december 1941 (SOS), texten s. 2-3: ""Vid 1942 års ingång bildades två nya städer, nämligen Kumla i Örebro län med 6 126 inv. och Bollnäs i Gävleborgs län""); the date the köping was formed was not checked. The source has the town as a separate record, Kumla stad 1952-1970"
N44,membership,municipality,{9396ADAC-A0B0-11D3-9E53-009027B0FCE9},Hardemo församling,1952-01-01,1966-12-31,{0D89013C-E93E-426D-B322-6287CACA61E5},"Årsbok för Sveriges kommuner 1951 (SCB), Förteckning över de blivande storkommunerna och deras omfattning, s. 222 (Örebro län: Kumla landskommun: Kumla landskommun och Hardemo); https://www.scb.se/contentassets/6a74a52b28994e2bbe23dcdd6754987c/blivande-storkommuner-1.pdf","type_id is the parent type, as m3_evidence.R reads this column. The source's Hardemo kommun {FD6B7ACA-F638-4D1C-B4A4-2E4CCF37338B} ends 1951 and the parish then has no municipality until 1967"
N45,membership,municipality,{9396ADAB-A0B0-11D3-9E53-009027B0FCE9},Kumla församling (T-län),1952-01-01,1966-12-31,{0D89013C-E93E-426D-B322-6287CACA61E5},"SCB, Folkmängden inom administrativa områden den 31 december 1942 (SOS), Anm. till Örebro län not 6: ""Kumla församling omfattar Kumla landskommun och Kumla stad""; https://share.scb.se/ov9993/data/historisk%20statistik/SOS%201911-/Befolkningsstatistik/Folkm%C3%A4ngden%20inom%20administrativa%20omr%C3%A5den%20%28SOS%29%201910-1961/Folkm%C3%A4ngden-inom-administrativa-omr%C3%A5den-1942.pdf. SCB, Folkmängden inom administrativa områden den 31 december 1951 (SOS), Anm. till Örebro län not 2: ""Kumla församling omfattar del av Kumla landskommun och Kumla stad""; https://share.scb.se/ov9993/data/historisk%20statistik/SOS%201911-/Befolkningsstatistik/Folkm%C3%A4ngden%20inom%20administrativa%20omr%C3%A5den%20%28SOS%29%201910-1961/Folkm%C3%A4ngden-inom-administrativa-omr%C3%A5den-1951.pdf. Årsbok för Sveriges kommuner 1951 (SCB), Förteckning över de blivande storkommunerna och deras omfattning, s. 222 (Örebro län: Kumla landskommun: Kumla landskommun och Hardemo); https://www.scb.se/contentassets/6a74a52b28994e2bbe23dcdd6754987c/blivande-storkommuner-1.pdf. SCB, MIS 1986:5 Sveriges kommuner åren 1952-1986. Förändringar i kommunindelning och kommunkoder, tabellen Kommuner och kommunkoder, Örebro län, PDF-sidan 61 (Kumla (lk) 1813, uppgick år 1967 i 1881 Kumla (s); Kumla (s) 1881, utvidg. år 1967 med 1813 Kumla (lk)); https://scb.se/contentassets/b58021618f7942c0b88c32eed6c5a49e/ov9999_1952i86_br_x22op8605.pdf. SCB, Folkmängden inom administrativa områden den 31 december 1960 (SOS), tab. 1, 18) Örebro län (Kumla lk. (Kumla f., del av) 4 883 inv. beside Kumla (Kumla f., del av) 9 997); https://share.scb.se/ov9993/data/historisk%20statistik/SOS%201911-/Befolkningsstatistik/Folkm%C3%A4ngden%20inom%20administrativa%20omr%C3%A5den%20%28SOS%29%201910-1961/Folkm%C3%A4ngden-inom-administrativa-omr%C3%A5den-1960.pdf","type_id is the parent type, as m3_evidence.R reads this column. A parish part: the rest of the parish was Kumla stad (the source's Kumla stad record {D3DAC037-96B6-4E56-A40B-45832A16A597}), so this row is a second municipality for the parish in those years, like Kulltorp (M31-M35)"
N46,name,municipality,,Ronneby landskommun,1863-01-01,1962-12-31,landskommun,"SCB, Folkmängden inom administrativa områden den 31 december 1915 (SOS), Anm. till Blekinge län: ""Ronneby församling omfattar Ronneby landskommun och Ronneby stad""; https://share.scb.se/ov9993/data/historisk%20statistik/SOS%201911-/Befolkningsstatistik/Folkm%C3%A4ngden%20inom%20administrativa%20omr%C3%A5den%20%28SOS%29%201910-1961/Folkm%C3%A4ngden-inom-administrativa-omr%C3%A5den-1915.pdf. SCB, Folkmängden inom administrativa områden den 31 december 1952 (SOS), Anm. till Blekinge län: ""Ronneby församling omfattar Ronneby landskommun och Ronneby stad, vilken senare ingår som del i Ronneby kyrkobokföringsdistrikt""; https://share.scb.se/ov9993/data/historisk%20statistik/SOS%201911-/Befolkningsstatistik/Folkm%C3%A4ngden%20inom%20administrativa%20omr%C3%A5den%20%28SOS%29%201910-1961/Folkm%C3%A4ngden-inom-administrativa-omr%C3%A5den-1952.pdf. SCB, Folkmängden inom administrativa områden den 31 december 1960 (SOS), tab. 1, 10) Blekinge län (Ronneby lk. (Ronneby f., Ronneby kbfd., del av) 3 313 inv.); https://share.scb.se/ov9993/data/historisk%20statistik/SOS%201911-/Befolkningsstatistik/Folkm%C3%A4ngden%20inom%20administrativa%20omr%C3%A5den%20%28SOS%29%201910-1961/Folkm%C3%A4ngden-inom-administrativa-omr%C3%A5den-1960.pdf. SCB, MIS 1986:5 Sveriges kommuner åren 1952-1986. Förändringar i kommunindelning och kommunkoder, tabellen Kommuner och kommunkoder, Blekinge län, PDF-sidorna 31-32 (Ronneby (lk) 1011: namnändr. år 1963 till 1011 Kallinge i samband med utvidgn.; Kallinge 1011, bildad år 1963 av 1011 Ronneby (lk), 1010 Tving, del (Eringsboda förs) och 1012 Hallabro. Uppgick år 1967 i 1081 Ronneby); https://scb.se/contentassets/b58021618f7942c0b88c32eed6c5a49e/ov9999_1952i86_br_x22op8605.pdf","SCB code 1011. The source has only Ronneby stad {793BFFB4-2A5E-4CC3-95F9-D624F61CB42A} 1863-1966, so the rural municipality that held most of Ronneby församling is missing"
N47,name,municipality,,Kallinge kommun,1963-01-01,1966-12-31,kommun,"SCB, Folkmängden inom administrativa områden den 31 december 1915 (SOS), Anm. till Blekinge län: ""Ronneby församling omfattar Ronneby landskommun och Ronneby stad""; https://share.scb.se/ov9993/data/historisk%20statistik/SOS%201911-/Befolkningsstatistik/Folkm%C3%A4ngden%20inom%20administrativa%20omr%C3%A5den%20%28SOS%29%201910-1961/Folkm%C3%A4ngden-inom-administrativa-omr%C3%A5den-1915.pdf. SCB, Folkmängden inom administrativa områden den 31 december 1952 (SOS), Anm. till Blekinge län: ""Ronneby församling omfattar Ronneby landskommun och Ronneby stad, vilken senare ingår som del i Ronneby kyrkobokföringsdistrikt""; https://share.scb.se/ov9993/data/historisk%20statistik/SOS%201911-/Befolkningsstatistik/Folkm%C3%A4ngden%20inom%20administrativa%20omr%C3%A5den%20%28SOS%29%201910-1961/Folkm%C3%A4ngden-inom-administrativa-omr%C3%A5den-1952.pdf. SCB, Folkmängden inom administrativa områden den 31 december 1960 (SOS), tab. 1, 10) Blekinge län (Ronneby lk. (Ronneby f., Ronneby kbfd., del av) 3 313 inv.); https://share.scb.se/ov9993/data/historisk%20statistik/SOS%201911-/Befolkningsstatistik/Folkm%C3%A4ngden%20inom%20administrativa%20omr%C3%A5den%20%28SOS%29%201910-1961/Folkm%C3%A4ngden-inom-administrativa-omr%C3%A5den-1960.pdf. SCB, MIS 1986:5 Sveriges kommuner åren 1952-1986. Förändringar i kommunindelning och kommunkoder, tabellen Kommuner och kommunkoder, Blekinge län, PDF-sidorna 31-32 (Ronneby (lk) 1011: namnändr. år 1963 till 1011 Kallinge i samband med utvidgn.; Kallinge 1011, bildad år 1963 av 1011 Ronneby (lk), 1010 Tving, del (Eringsboda förs) och 1012 Hallabro. Uppgick år 1967 i 1081 Ronneby); https://scb.se/contentassets/b58021618f7942c0b88c32eed6c5a49e/ov9999_1952i86_br_x22op8605.pdf","Ronneby landskommun was not dissolved in 1962. It was renamed Kallinge on 1963-01-01, when it was enlarged with Tving (Eringsboda förs) and Hallabro, and under the same-unit rule it is the same unit; it merged into Ronneby stad on 1967-01-01"
N48,identity,municipality,,"Ronneby landskommun, from 1963-01-01 Kallinge kommun",1863-01-01,1966-12-31,no_source_unit,"SCB, Folkmängden inom administrativa områden den 31 december 1915 (SOS), Anm. till Blekinge län: ""Ronneby församling omfattar Ronneby landskommun och Ronneby stad""; https://share.scb.se/ov9993/data/historisk%20statistik/SOS%201911-/Befolkningsstatistik/Folkm%C3%A4ngden%20inom%20administrativa%20omr%C3%A5den%20%28SOS%29%201910-1961/Folkm%C3%A4ngden-inom-administrativa-omr%C3%A5den-1915.pdf. SCB, Folkmängden inom administrativa områden den 31 december 1952 (SOS), Anm. till Blekinge län: ""Ronneby församling omfattar Ronneby landskommun och Ronneby stad, vilken senare ingår som del i Ronneby kyrkobokföringsdistrikt""; https://share.scb.se/ov9993/data/historisk%20statistik/SOS%201911-/Befolkningsstatistik/Folkm%C3%A4ngden%20inom%20administrativa%20omr%C3%A5den%20%28SOS%29%201910-1961/Folkm%C3%A4ngden-inom-administrativa-omr%C3%A5den-1952.pdf. SCB, Folkmängden inom administrativa områden den 31 december 1960 (SOS), tab. 1, 10) Blekinge län (Ronneby lk. (Ronneby f., Ronneby kbfd., del av) 3 313 inv.); https://share.scb.se/ov9993/data/historisk%20statistik/SOS%201911-/Befolkningsstatistik/Folkm%C3%A4ngden%20inom%20administrativa%20omr%C3%A5den%20%28SOS%29%201910-1961/Folkm%C3%A4ngden-inom-administrativa-omr%C3%A5den-1960.pdf. SCB, MIS 1986:5 Sveriges kommuner åren 1952-1986. Förändringar i kommunindelning och kommunkoder, tabellen Kommuner och kommunkoder, Blekinge län, PDF-sidorna 31-32 (Ronneby (lk) 1011: namnändr. år 1963 till 1011 Kallinge i samband med utvidgn.; Kallinge 1011, bildad år 1963 av 1011 Ronneby (lk), 1010 Tving, del (Eringsboda förs) och 1012 Hallabro. Uppgick år 1967 i 1081 Ronneby); https://scb.se/contentassets/b58021618f7942c0b88c32eed6c5a49e/ov9999_1952i86_br_x22op8605.pdf","One unit, 1863-1966, with no source record; the source's Ronneby kommun {9396A79E-A0B0-11D3-9E53-009027B0FCE9} starts 1967 and is the merged municipality"
N49,membership,municipality,{9396A7A9-A0B0-11D3-9E53-009027B0FCE9},Ronneby församling,1863-01-01,1962-12-31,"Ronneby landskommun, from 1963-01-01 Kallinge kommun","SCB, Folkmängden inom administrativa områden den 31 december 1915 (SOS), Anm. till Blekinge län: ""Ronneby församling omfattar Ronneby landskommun och Ronneby stad""; https://share.scb.se/ov9993/data/historisk%20statistik/SOS%201911-/Befolkningsstatistik/Folkm%C3%A4ngden%20inom%20administrativa%20omr%C3%A5den%20%28SOS%29%201910-1961/Folkm%C3%A4ngden-inom-administrativa-omr%C3%A5den-1915.pdf. SCB, Folkmängden inom administrativa områden den 31 december 1952 (SOS), Anm. till Blekinge län: ""Ronneby församling omfattar Ronneby landskommun och Ronneby stad, vilken senare ingår som del i Ronneby kyrkobokföringsdistrikt""; https://share.scb.se/ov9993/data/historisk%20statistik/SOS%201911-/Befolkningsstatistik/Folkm%C3%A4ngden%20inom%20administrativa%20omr%C3%A5den%20%28SOS%29%201910-1961/Folkm%C3%A4ngden-inom-administrativa-omr%C3%A5den-1952.pdf. SCB, Folkmängden inom administrativa områden den 31 december 1960 (SOS), tab. 1, 10) Blekinge län (Ronneby lk. (Ronneby f., Ronneby kbfd., del av) 3 313 inv.); https://share.scb.se/ov9993/data/historisk%20statistik/SOS%201911-/Befolkningsstatistik/Folkm%C3%A4ngden%20inom%20administrativa%20omr%C3%A5den%20%28SOS%29%201910-1961/Folkm%C3%A4ngden-inom-administrativa-omr%C3%A5den-1960.pdf. SCB, MIS 1986:5 Sveriges kommuner åren 1952-1986. Förändringar i kommunindelning och kommunkoder, tabellen Kommuner och kommunkoder, Blekinge län, PDF-sidorna 31-32 (Ronneby (lk) 1011: namnändr. år 1963 till 1011 Kallinge i samband med utvidgn.; Kallinge 1011, bildad år 1963 av 1011 Ronneby (lk), 1010 Tving, del (Eringsboda förs) och 1012 Hallabro. Uppgick år 1967 i 1081 Ronneby); https://scb.se/contentassets/b58021618f7942c0b88c32eed6c5a49e/ov9999_1952i86_br_x22op8605.pdf","type_id is the parent type, as m3_evidence.R reads this column. A parish part: Ronneby stad held the town part of the same parish throughout, so the parish has two municipalities in these years"
N50,name,municipality,SCB:1901,Kung Karls landskommun,1952-01-01,1970-12-31,landskommun,"SCB, MIS 1986:5 Sveriges kommuner åren 1952-1986. Förändringar i kommunindelning och kommunkoder, tabellen Kommuner och kommunkoder, Västmanlands län, PDF-sidan 63 (Kung Karl 1901, uppgick år 1971 i 1960 Kungsör; Kungsör 1960, utvidg. år 1971 med 1901 Kung Karl); https://scb.se/contentassets/b58021618f7942c0b88c32eed6c5a49e/ov9999_1952i86_br_x22op8605.pdf. SCB, Folkmängden inom administrativa områden den 31 december 1949 (SOS), Anm. till Västmanlands län: ""Kung Karls församling omfattar Kung Karls kommun och Kungsörs köping""; https://share.scb.se/ov9993/data/historisk%20statistik/SOS%201911-/Befolkningsstatistik/Folkm%C3%A4ngden%20inom%20administrativa%20omr%C3%A5den%20%28SOS%29%201910-1961/Folkm%C3%A4ngden-inom-administrativa-omr%C3%A5den-1949.pdf. Årsbok för Sveriges kommuner 1951 (SCB), Förteckning över de blivande storkommunerna och deras omfattning, s. 222 (Västmanlands län: Kung Karl: Torpa, Kung Karl, Kungs Barkarö och Björskog; Kungsörs köping: Kungsörs köping); https://www.scb.se/contentassets/6a74a52b28994e2bbe23dcdd6754987c/blivande-storkommuner-1.pdf","m3a names SCB 1901 Kungsörs kommun from the source unit it matched; SCB 1901 is the landskommun (Torpa, Kung Karl, Kungs Barkarö and Björskog) and SCB 1960 is Kungsörs köping. The source has one record, Kungsörs kommun {see m1 K:02579} 1952-1990, for both, which is why m3a reports one source unit for two municipalities 1967-1970"
