"role","id","x","y","dx","dy","w","value"
"param","bandwidth_m",,,,,,4000
"param","taper_r1_m",,,,,,10000
"param","taper_r2_m",,,,,,25000
"param","densify_m",,,,,,
"control","1",391270.7,6138526.8,-250,180,0.9115,
"control","5",376015.7,6194042.1,-80,225,0.7703,
"control","6",399534.9,6136196.8,-260,180,0.9991,
"control","9",383816.4,6218573.7,-100,135,0.9483,
"control","13",363985.6,6250974,-70,90,0.9945,
"control","20",452583.6,6146079.4,-250,125,0.9877,
"control","24",369260.2,6210892.2,-90,170,0.9869,
"control","31",396182.9,6139977.3,-270,175,0.9388,
"control","50",435721.1,6192152.5,-185,135,0.9917,
"control","51",395827.6,6136819.6,-270,175,0.9391,
"control","53",389028.1,6173038.6,-160,225,0.9415,
"control","58",362888.2,6283081.7,-100,125,0.9397,
"control","61",423445.9,6185185.1,-205,120,0.9659,
"control","66",376964.1,6274844.7,-105,105,0.9748,
"control","70",447603.6,6153337.2,-235,155,0.8815,
"control","77",404921,6171761.3,-205,120,0.8024,
"control","87",440326.1,6163103.4,-200,145,0.8793,
"control","89",373422.2,6150018.2,-225,240,0.9997,
"control","94",447063.2,6199421.7,-165,115,0.9556,
"control","98",438886.9,6199269,-165,140,0.9514,
"control","117",450528.1,6160503.3,-240,115,0.9829,
"control","126",415095.3,6181666.4,-215,130,0.9164,
"control","131",374197.2,6199545.6,-140,145,0.419,
"control","132",434370.8,6237580.3,-120,70,0.8846,
"control","134",446032.8,6150624.6,-260,140,0.9669,
"control","143",391279.6,6159570.6,-185,215,0.983,
"control","145",430795,6216347.9,-145,110,0.9423,
"control","147",374153.9,6258663.6,-140,130,0.4769,
"control","152",371590.7,6157656,-225,245,0.9275,
"control","161",364420.7,6287201.3,-75,120,0.8986,
"control","165",444898.4,6166747.5,-215,120,0.9956,
"control","184",371868.3,6287891.9,-105,120,0.9051,
"control","188",427401.3,6212285.8,-140,115,0.9931,
"control","194",445002.7,6194554,-165,140,0.9304,
"control","201",400601.6,6213230.7,-125,125,0.9995,
"control","202",376174.6,6236887.9,-70,105,0.9377,
"control","215",395862.4,6202862.7,-100,100,0.7361,
"control","216",463293.7,6218393.7,0,10,0.8061,
"control","219",371541.8,6196164.8,-90,215,0.9304,
"control","241",382227.8,6241952.7,-65,105,0.9579,
"control","250",401036.9,6144100.4,-265,175,0.9623,
"control","262",385659.9,6192344.6,-120,215,0.8022,
"control","272",420094.2,6211497.2,-130,135,0.9606,
"control","273",425349.5,6160580.9,-220,130,0.9384,
"control","284",407303.7,6155063,-230,155,0.9952,
"control","288",435785.3,6221808,-125,110,0.9545,
"control","293",398123.3,6167351.4,-210,180,0.6581,
"control","294",387215.1,6234874.4,-80,100,0.9534,
"control","298",426075.4,6156043.8,-235,130,0.9115,
"control","306",387973.7,6152068.3,-215,225,0.9896,
"control","310",437886.4,6213167.7,-140,115,0.9837,
"control","317",418862.4,6179598.8,-190,125,0.9264,
"control","320",354117,6234146.6,-90,150,0.8094,
"control","334",457799.2,6208334.2,-35,15,0.9435,
"control","338",393309,6138894.9,-260,185,0.9936,
"control","341",452499.6,6164754.7,-240,90,0.8458,
"control","342",430786.3,6183692.5,-215,110,0.9386,
"control","344",410913.8,6163093.5,-205,175,0.8974,
"control","347",398912.3,6254413.6,-140,110,0.5905,
"control","357",419075.6,6158219.8,-225,140,0.998,
"control","368",414482,6173244,-205,145,0.9962,
"control","372",390662.7,6170343.1,-155,225,0.9047,
"control","376",364730.9,6195061.2,-110,165,0.503,
"control","380",425244.5,6147697.9,-240,135,0.9686,
"control","382",433776.6,6197916.8,-175,130,0.9846,
"control","394",383838.7,6186253.1,-110,195,0.9771,
"control","395",402427.3,6200014.6,-130,140,0.9982,
"control","401",412710.7,6187050.2,-200,140,0.9952,
"control","402",376898.7,6203486.4,-115,130,0.8246,
"control","409",445917.5,6182491.2,-190,120,0.9876,
"control","420",381597.3,6193150.4,-95,180,0.8622,
"control","424",358082,6296280.6,-90,110,0.01,
"control","428",439021.2,6158827.2,-210,165,0.884,
"control","440",405305.3,6164750,-220,160,0.9297,
"control","444",372738.2,6208427,-75,175,0.8757,
"control","459",427047.5,6238101.5,-115,100,0.9848,
"control","465",440260.1,6250093.6,-140,60,0.2324,
"control","466",426120.3,6205089.9,-140,110,0.978,
"control","467",381221.2,6142751.1,-255,225,0.9849,
"control","471",414106.3,6167374.3,-195,160,0.9485,
"control","481",422892.7,6152018.9,-230,140,0.9844,
"control","482",372260.1,6245129.3,-65,105,0.9769,
"control","483",370080.4,6217543.2,-65,150,0.8882,
"control","484",461167.2,6230777.1,5,-20,0.9584,
"control","495",438871.1,6209297.4,-135,105,0.9648,
"control","504",373949,6147578.7,-200,240,0.7682,
"control","517",433795.7,6151608,-240,155,0.9949,
"control","523",375939.3,6190140.8,-105,220,0.9807,
"control","524",415607.5,6225605.9,-120,120,0.9699,
"control","529",447032.7,6188600.4,-170,130,0.9885,
"control","539",422138.1,6230949.2,-130,105,0.993,
"control","540",372206.8,6185274.5,-85,210,0.8082,
"control","542",408170.5,6234414.9,-105,125,0.8773,
"control","543",443594.7,6223079.1,-140,125,0.7138,
"control","554",378521.4,6222291.8,-80,140,0.9823,
"control","559",424981,6168072.2,-195,135,0.9062,
"control","564",445208.6,6170847.4,-210,100,0.952,
"control","565",451915.2,6194020,-155,80,0.5391,
"control","568",362700.5,6202067,-75,170,0.9601,
"control","569",366171,6205844.5,-95,170,0.976,
"control","570",381657.9,6187976.7,-100,215,0.9433,
"control","572",397519,6152802.1,-205,190,0.7433,
"control","575",363331.5,6204172.9,-70,145,0.6659,
"control","576",454546.8,6218708.1,-10,-10,0.9322,
"control","582",388093,6207446.3,-120,130,0.8988,
"control","587",400750.3,6148147.5,-240,160,0.9222,
"control","589",379844.8,6166725.3,-165,265,0.7638,
"control","591",443208.5,6149156.7,-235,170,0.6848,
"control","592",458876.1,6156390.5,-240,85,0.7394,
"control","598",386639.4,6188290.5,-115,195,0.9847,
"control","599",414358.7,6246341.9,-85,120,0.8601,
"control","604",375879.8,6216362.6,-85,160,0.9477,
"control","621",370112.9,6193056.1,-95,245,0.7394,
"control","623",403570,6143515.6,-250,150,0.9122,
"control","627",377632,6141570,-265,215,0.8744,
"control","631",412562.6,6151584.3,-225,150,0.9622,
"control","632",441678,6141779.5,-275,125,0.9544,
"control","637",436244,6153760.2,-230,160,0.9878,
"control","640",371867.2,6151765.8,-235,250,0.9351,
"control","643",408536.7,6146477,-255,160,0.969,
"control","647",409225.3,6201078.6,-135,120,0.8878,
"control","655",383798.2,6174925.6,-160,190,0.8072,
"control","656",418180.7,6150572,-225,140,0.9475,
"control","661",420144.2,6240472.4,-120,110,0.9685,
"control","663",358407.6,6224794.4,-60,170,0.9906,
"control","675",442026.3,6204062.5,-145,120,0.9955,
"control","676",409823.4,6169885.2,-205,165,0.9251,
"control","685",404673.9,6145663.4,-250,170,0.978,
"control","687",365148.3,6208374.9,-90,175,0.9892,
"control","688",418707,6166699.9,-200,135,0.9871,
"control","691",383856.4,6142160.1,-245,210,0.9665,
"control","692",378843.7,6143234,-260,250,0.7543,
"control","695",469491.9,6216284.4,-20,-20,0.887,
"control","707",401194.8,6171572.7,-180,150,0.9702,
"control","709",442250.5,6198374.6,-165,130,0.9956,
"control","710",379795.9,6171151.5,-165,200,0.8078,
"control","712",360199.2,6289249.1,-90,130,0.8785,
"control","721",389936.4,6184930,-120,190,0.9661,
"control","723",431382.1,6169391.8,-220,115,0.9481,
"control","727",356546.9,6197700.2,225,-150,0.01,
"control","730",451070.2,6206528.2,0,5,0.0969,
"control","731",408130.9,6222770.8,-120,120,0.9906,
"control","736",383896,6280526.1,-105,120,0.963,
"control","750",396228.4,6134712.5,-255,180,0.9876,
"control","754",421570.7,6145796.8,-255,135,0.9608,
"control","756",383488.2,6225651.1,-90,120,0.9823,
"control","759",380245,6234306.2,-65,115,0.9777,
"control","763",451590.8,6155356.4,-235,125,0.9664,
"control","767",391131,6167027.7,-170,215,0.9984,
"control","781",359393.1,6254465.2,-60,80,0.9872,
"control","787",434928.7,6225417.1,-150,115,0.7896,
"control","795",377338.2,6139172,-245,225,0.9821,
"control","796",386546.6,6141478.8,-270,210,0.9361,
"control","798",456301.6,6150462.3,-245,120,0.9977,
"control","805",447633.9,6205277.2,-130,80,0.8926,
"control","807",436156.7,6205736.7,-130,120,0.9452,
"control","808",378221.8,6188061.8,-115,220,0.9493,
"control","812",422408,6193268.2,-165,120,0.9505,
"control","823",371212.2,6181470.3,-125,200,0.9805,
"control","834",390683.4,6203151.7,-115,110,0.8965,
"control","837",367024.8,6255183.5,-50,75,0.7047,
"control","849",372505.1,6153665.8,-195,265,0.6421,
"control","852",384773.3,6163842.9,-180,240,0.9945,
"control","858",401287.6,6195982.7,-130,165,0.907,
"control","860",428637.6,6163478.7,-225,140,0.9926,
"control","869",440257.1,6149938.7,-255,140,0.9638,
"control","871",433896.8,6230363.7,-115,90,0.9336,
"control","872",463990.2,6211531.7,-30,-35,0.7165,
"control","882",405903.5,6141343.6,-260,155,0.9809,
"control","896",456365,6224749.1,-10,-35,0.7838,
"control","902",457782.3,6154844.6,-230,120,0.9336,
"control","908",385945.9,6160554.2,-180,215,0.868,
"control","916",390094.8,6195279.5,-110,175,0.9954,
"control","926",372076.6,6155432.6,-275,260,0.2849,
"control","935",402767.3,6183667.3,-230,140,0.7031,
"control","939",407033.4,6192183.4,-185,145,0.9689,
"control","941",448858.8,6219288.5,-40,30,0.4991,
"control","944",433967.7,6176274.3,-215,110,0.9835,
"control","947",364307,6246604,-70,100,0.9885,
"control","949",426380.9,6197968.7,-145,120,0.8688,
"control","953",455311.8,6204370.4,0,15,0.5414,
"control","954",401944.9,6204707.6,-135,135,0.9524,
"control","955",371047,6202910.9,-100,175,0.9823,
"control","962",440980.3,6186571.2,-175,140,0.8725,
"control","967",444115.3,6226905.2,-115,95,0.952,
"control","974",428774.4,6193073.6,-195,130,0.895,
"control","989",403816,6187764,-200,165,0.9072,
"control","992",373374.8,6276191.5,-75,35,0.067,
"control","994",426957.3,6220336.1,-115,125,0.8358,
"control","997",393298.1,6145755.7,-250,215,0.8781,
"control","998",380755.8,6176482,-145,210,0.9944,
"control","1007",403184.3,6175823.7,-205,115,0.8077,
"control","1013",450922.7,6169028.7,-205,100,0.9167,
"control","1022",400585.1,6187148.3,-195,155,0.9432,
"control","1039",361623.8,6296652,-85,75,0.1012,
"control","1042",435357.2,6164073.2,-230,150,0.9274,
"control","1045",412717.3,6143032.5,-255,145,0.9749,
"control","1065",410261.1,6183380,-195,140,0.968,
"control","1068",373288.5,6223717.3,-85,140,0.9831,
"control","1069",362972.5,6211737.8,-90,195,0.9868,
"control","1072",445742.8,6233615.5,-135,85,0.8539,
"control","1076",410543.6,6158814.5,-220,155,0.9913,
"control","1079",462258.8,6206893.4,-30,-5,0.9934,
"control","1081",393148.4,6135593.8,-250,195,0.9593,
"control","1084",429652.8,6158458.8,-230,175,0.8064,
"control","1088",372195.1,6239962.5,-55,120,0.9793,
"control","1096",371623.5,6145010.3,-195,220,0.5482,
"control","1098",375837.2,6151921.5,-235,235,0.9638,
"control","1099",434038,6145598.6,-245,150,0.9717,
"control","1131",435784.1,6149182,-230,140,0.9227,
"control","1150",394575.2,6165310.1,-175,220,0.9091,
"control","1151",377087.8,6176633.8,-135,200,0.9897,
"control","1154",438941.9,6145910.3,-270,105,0.6152,
"control","1155",379252.3,6161139.6,-205,240,0.9298,
"control","1165",427793,6143624.1,-275,150,0.8421,
"control","1169",380758.4,6184509,-125,215,0.9483,
"control","1176",361570.9,6228596.6,-70,155,0.9425,
"control","1188",413696.4,6194907.1,-170,140,0.9809,
"control","1190",426386.4,6253949.3,-105,100,0.5187,
"control","1195",362902.4,6220800.9,-55,190,0.9284,
"control","1209",363837.2,6140913.7,-295,320,0.8274,
"control","1211",456212.2,6159478.4,-250,110,0.9627,
"control","1216",454927.3,6210109,-15,10,0.8449,
"control","1221",438236.3,6168872.6,-210,120,0.9941,
"control","1226",419917.8,6170923.2,-205,130,0.9972,
"control","1227",451199.6,6211116.8,-50,60,0.6946,
"control","1228",427232.1,6146149.4,-260,135,0.9587,
"control","1236",409711.6,6141987.9,-255,145,0.9729,
"control","1247",398436.6,6268309.7,-110,115,0.5847,
"control","1263",389554.7,6137206.8,-255,205,0.978,
"control","1264",440464.9,6177623.5,-200,125,0.9663,
"control","1274",459553.1,6216853.4,-5,-10,0.97,
"control","1285",412560,6217901.6,-130,130,0.995,
"control","1286",395725,6196673,-100,160,0.9453,
"control","1298",430090.6,6206545,-135,120,0.9873,
"control","1300",366057.2,6211024.8,-85,195,0.9466,
"control","1305",396788,6145141.8,-240,195,0.9021,
"control","1306",404337,6179994.6,-215,135,0.9641,
"control","1315",457695.9,6250011.4,15,-15,0.7957,
"control","1317",371561.7,6253216.1,-100,80,0.8446,
"control","1320",382256.7,6160955.3,-215,250,0.7741,
"control","1329",419804.2,6175491.4,-205,130,0.9963,
"control","1337",420276.7,6217452.6,-130,135,0.9639,
"control","1348",427140.1,6177533.4,-200,105,0.9426,
"control","1353",364313.3,6142753.4,-280,310,0.9889,
"control","1363",402878.8,6139995,-265,170,0.9866,
"control","1367",413998.1,6230725.4,-125,110,0.9737,
"control","1373",418162.4,6198295,-145,135,0.9263,
"control","1386",413920.1,6207681.1,-135,135,0.9721,
"control","1391",395567.5,6241308,-100,95,0.9317,
"control","1395",368361.1,6220970.9,-80,145,0.8781,
"control","1401",421237.9,6189316.7,-190,130,0.981,
"control","1409",395515,6176110.1,-145,155,0.873,
"control","1410",363285.4,6215915.5,-70,205,0.9649,
"control","1411",438223.4,6182561.2,-225,140,0.7445,
"control","1421",369405.7,6236944.5,-60,135,0.969,
"control","1423",376449.3,6185718.8,-95,210,0.9057,
"control","1424",385141.1,6156840.7,-195,230,0.9906,
"control","1430",383967.8,6164747.8,-175,245,0.9711,
"control","1437",415019,6146220.5,-245,145,0.9983,
"control","1442",450269.6,6150308.5,-275,140,0.8006,
"control","1443",440991.4,6237577.2,-125,85,0.9972,
"control","1451",382109.6,6148140.1,-230,230,0.9811,
"control","1459",408050.9,6176449,-205,150,0.9445,
"control","1460",419269.8,6204487.8,-145,110,0.908,
"control","1461",358529.5,6258220.1,-60,85,0.9955,
"control","1463",391088.9,6225217.7,-95,110,0.9991,
"control","1474",378035.5,6182652.3,-145,200,0.8115,
"control","1475",377639.7,6149932.7,-245,220,0.8591,
"control","1479",371251.6,6292104.3,-80,115,0.9452,
"control","1480",398021,6186560.1,-125,150,0.465,
"control","1481",409678.4,6145316,-230,150,0.8872,
"control","1503",396247.6,6170278,-145,155,0.6256,
"control","1522",387024.2,6170699.9,-180,220,0.9535,
"control","1525",429905.1,6147005,-260,150,0.9494,
"control","1532",399332,6140923,-265,190,0.9373,
"control","1535",372654,6212278.6,-85,150,0.9216,
"control","1541",387509.6,6137563,-265,220,0.8908,
"control","1547",443769.7,6158300.8,-240,135,0.9426,
"control","1556",428928.8,6151953,-225,135,0.8823,
"control","1572",391853.7,6214579.5,-110,120,0.9886,
"control","1589",447903.8,6259642,-125,40,0.01,
"control","1598",370784,6232121.1,-75,125,0.9611,
"control","1606",393284.9,6207446.3,-85,100,0.7317,
"control","1610",439177.2,6172755.4,-210,105,0.9571,
"control","1618",443117.5,6153466.3,-245,145,0.9943,
"control","1633",446471.3,6140634.4,-280,120,0.9211,
"control","1639",376392.6,6283472.7,-105,110,0.9983,
"control","1641",426385.6,6246449.6,-115,95,0.9852,
"control","1644",384244.5,6177214.1,-235,160,0.01,
"control","1646",365452.8,6241506.2,-55,125,0.9678,
"control","1650",374164.4,6180566.1,-140,195,0.8936,
"control","1652",384251.7,6167039,-195,270,0.5816,
"control","1656",357117.8,6230605.4,-50,175,0.7953,
"control","1658",469190.6,6225673.4,10,-20,0.9097,
"control","1659",386068,6250523.8,-130,120,0.8252,
"control","1661",452215.5,6232568.2,-35,25,0.405,
"control","1662",389553.5,6141738.4,-265,200,0.9803,
"control","1663",371265,6190042.7,-85,230,0.916,
"control","1669",381523.5,6190744.3,-110,200,0.9878,
"control","1671",418981.6,6145546.7,-245,140,0.999,
"control","1676",439847.5,6219671.3,-140,105,0.9703,
"control","1677",366797.1,6235163.3,-60,135,0.9907,
"control","1678",381094.7,6151215.4,-230,225,0.9873,
"control","1682",387350.9,6194737.7,-95,190,0.9307,
"control","1691",359945.5,6208591.9,-120,200,0.6383,
"control","1692",407844.9,6211212.1,-140,135,0.9738,
"control","1698",443901.4,6146185.4,-265,130,0.9734,
"control","1701",393788,6173551.4,-135,140,0.3688,
"control","1705",368498.1,6294854.1,-70,95,0.9891,
"control","1719",383607.8,6259440.1,-125,105,0.9957,
"control","1720",417110.9,6145167.1,-240,145,0.9927,
"control","1725",377150.6,6178625.4,-125,205,0.9722,
"control","1727",387906.4,6198928.1,-125,135,0.728,
"control","1732",448625.5,6144658,-260,120,0.9659,
"control","1733",405439.6,6247077.3,-95,120,0.9812,
"control","1744",433772.3,6188105.5,-205,125,0.9793,
"control","1747",392070.7,6192356.8,-100,185,0.9756,
"control","1754",447311.6,6246269.2,-35,20,0.01,
"control","1770",378933.3,6153415.5,-215,230,0.9766,
"control","1774",380296,6139967.7,-245,210,0.9552,
"control","1780",453801.2,6151340.3,-245,125,0.998,
"control","1783",355133.7,6222083.4,-55,195,0.8729,
"control","1790",439287.4,6229359.6,-120,95,0.9868,
"control","1804",379982.9,6194576.4,-60,220,0.4297,
"control","1805",378132.5,6197878,-130,145,0.518,
"control","1833",380701.9,6207302.4,-120,135,0.9452,
"control","1842",351218.3,6225456.6,-110,155,0.4555,
"control","1845",382661.5,6213789.3,-90,110,0.7757,
"control","1849",439437.4,6155275.6,-225,170,0.8933,
"control","1853",391537.3,6292413,-90,100,0.3335,
"control","1857",447722.4,6157746.6,-245,145,0.9584,
"control","1859",447699.1,6210669,-135,135,0.01,
"control","1861",348550.9,6238577.2,-85,125,0.8248,
"control","1868",424339,6171631.8,-210,110,0.9056,
"control","1872",447539.9,6176266.7,-195,110,0.9843,
"control","1873",379265.2,6146216.9,-230,235,0.9562,
"control","1884",438810,6141971.5,-265,145,0.9413,
"control","1889",386721.7,6262759,-120,100,0.9797,
"control","1892",381610.2,6201106.1,-110,135,0.9059,
"control","1894",431567.7,6154488.7,-240,180,0.7781,
"control","1905",376554.2,6251995.7,-130,125,0.6042,
"control","1908",387172.7,6185923.8,-100,200,0.9561,
"control","2024",442954.8,6215966.7,-130,110,0.9788,
"control","2125",349272.7,6230834.2,-60,150,0.9398,
"control","2127",353338.9,6229478,-60,140,0.8687,
"control","2219",382384.2,6138198.1,-260,205,0.9562,
"control","2231",427354.8,6228117.8,-120,100,0.9768,
"control","2232",422734.2,6224670.5,-140,95,0.8448,
"control","2284",434473.8,6158352.7,-220,155,0.982,
"control","2288",358470.3,6212814.4,-65,240,0.6554,
"control","2322",374764,6165153.1,-145,240,0.7102,
"control","2323",371736,6162895.8,-165,255,0.8014,
"control","2324",377154.1,6164794.7,-170,240,0.9785,
"control","2340",382273.8,6295838.2,-70,90,0.5855,
"control","2343",376629.6,6297270.4,-40,45,0.6947,
"control","2380",368861.6,6284695.8,-95,100,0.9509,
"control","2385",370292.2,6281220.9,-125,95,0.7758,
"control","2400",388020.9,6166896.9,-175,220,0.9817,
"control","2404",383911.2,6171330.7,-165,235,0.9517,
"control","2414",376162.7,6159129.9,-235,150,0.01,
"control","2420",370016.5,6160807.5,-195,235,0.9542,
"control","2429",391903.3,6188867.1,-105,190,0.9864,
"control","2434",398447.5,6227304.2,-100,95,0.9283,
"control","2438",380377,6265164.8,-120,115,0.971,
"control","2453",359244.3,6215248.8,-70,235,0.7746,
"control","2455",356669.3,6215643.5,-80,205,0.9438,
"control","2456",380683.4,6229495.3,-75,115,0.9925,
"control","2466",386092.4,6145778.4,-250,220,0.9958,
"control","2470",378246.5,6156258.9,-200,245,0.9178,
"anchor","25",413194.5,6328543.8,0,0,1,
"anchor","63",351991.9,6312654.8,0,0,1,
"anchor","91",497297.1,6274401.6,0,0,1,
"anchor","106",433296.7,6316672.2,0,0,1,
"anchor","111",374891.8,6321265.3,0,0,1,
"anchor","125",346228.2,6332112.6,0,0,1,
"anchor","159",384666.1,6323601.6,0,0,1,
"anchor","180",469256.4,6263332.5,0,0,1,
"anchor","181",366234,6344135.2,0,0,1,
"anchor","187",372838.6,6346317.1,0,0,1,
"anchor","190",335426.6,6338749.1,0,0,1,
"anchor","195",386368.8,6329796.3,0,0,1,
"anchor","204",359350.8,6303645.4,0,0,1,
"anchor","206",384876.2,6309833.2,0,0,1,
"anchor","213",432665.6,6260275.4,0,0,1,
"anchor","233",487897.9,6291845.3,0,0,1,
"anchor","243",480726.7,6261453.2,0,0,1,
"anchor","245",333287.7,6340862.6,0,0,1,
"anchor","315",414274.5,6300845.6,0,0,1,
"anchor","325",427296.5,6314462,0,0,1,
"anchor","339",336539.7,6331227.6,0,0,1,
"anchor","350",479130.5,6218728.3,0,0,1,
"anchor","375",334152.8,6332450.8,0,0,1,
"anchor","398",400154,6350819.1,0,0,1,
"anchor","417",347794.1,6327777.6,0,0,1,
"anchor","432",424916.3,6302074,0,0,1,
"anchor","442",376824.4,6335962.8,0,0,1,
"anchor","479",358776.2,6310023,0,0,1,
"anchor","488",498506.8,6259468.1,0,0,1,
"anchor","493",482009,6302957,0,0,1,
"anchor","494",442500.1,6299958.7,0,0,1,
"anchor","497",472784.5,6276032.1,0,0,1,
"anchor","498",432707.1,6310994.8,0,0,1,
"anchor","501",357614.8,6333295.3,0,0,1,
"anchor","516",356080.2,6348564.5,0,0,1,
"anchor","526",396799.2,6321961.7,0,0,1,
"anchor","528",439024.7,6289395.1,0,0,1,
"anchor","574",422665.9,6284147.3,0,0,1,
"anchor","594",348036.8,6341432,0,0,1,
"anchor","614",365235.1,6322929.7,0,0,1,
"anchor","618",455645,6316752,0,0,1,
"anchor","619",402139,6298490.5,0,0,1,
"anchor","620",355831.4,6316833.9,0,0,1,
"anchor","634",350529.5,6326112.6,0,0,1,
"anchor","638",487134.5,6296901.2,0,0,1,
"anchor","674",394129,6314695.5,0,0,1,
"anchor","684",468118.2,6298467.6,0,0,1,
"anchor","686",481123.5,6211890.5,0,0,1,
"anchor","716",366196,6307563,0,0,1,
"anchor","789",343583.3,6343979.6,0,0,1,
"anchor","793",462613.8,6294083.5,0,0,1,
"anchor","797",354475.8,6341868.2,0,0,1,
"anchor","810",488022.1,6281559.2,0,0,1,
"anchor","847",477138.3,6301833.1,0,0,1,
"anchor","859",434582,6300384.7,0,0,1,
"anchor","870",484125.4,6224825.8,0,0,1,
"anchor","875",360259.1,6352729.3,0,0,1,
"anchor","881",474512.4,6311172.1,0,0,1,
"anchor","890",414105.8,6338910.8,0,0,1,
"anchor","893",411507.3,6273180.7,0,0,1,
"anchor","906",521687,6225161.1,0,0,1,
"anchor","915",411729.5,6283315.6,0,0,1,
"anchor","921",341953.3,6335165,0,0,1,
"anchor","933",522241.1,6237877.8,0,0,1,
"anchor","938",362866.8,6299550.9,0,0,1,
"anchor","963",335203.3,6344153,0,0,1,
"anchor","991",521715.8,6231285.6,0,0,1,
"anchor","1002",488354.3,6262419.6,0,0,1,
"anchor","1028",459843.4,6275200.9,0,0,1,
"anchor","1033",481652,6293278.1,0,0,1,
"anchor","1101",411505.2,6312862.5,0,0,1,
"anchor","1110",373635.5,6304365.7,0,0,1,
"anchor","1117",359499.9,6343898.4,0,0,1,
"anchor","1122",422144.6,6268028.8,0,0,1,
"anchor","1130",496347.5,6234023.2,0,0,1,
"anchor","1147",517639.9,6267594.9,0,0,1,
"anchor","1161",451366.2,6303490.5,0,0,1,
"anchor","1178",367967.6,6332302.7,0,0,1,
"anchor","1185",398673.5,6306458,0,0,1,
"anchor","1187",347289.1,6348020,0,0,1,
"anchor","1192",374324.9,6326072.5,0,0,1,
"anchor","1223",414228.5,6259019.6,0,0,1,
"anchor","1229",340396,6352868.7,0,0,1,
"anchor","1241",442449.2,6278341.2,0,0,1,
"anchor","1257",482266,6282878.9,0,0,1,
"anchor","1287",362058.7,6336733.6,0,0,1,
"anchor","1302",366225.2,6313241.3,0,0,1,
"anchor","1312",495795,6289090.8,0,0,1,
"anchor","1319",342413.1,6316679.9,0,0,1,
"anchor","1321",509050,6275311.1,0,0,1,
"anchor","1334",420020.2,6325869.3,0,0,1,
"anchor","1350",482201.4,6229235.5,0,0,1,
"anchor","1355",423492.2,6338660.4,0,0,1,
"anchor","1356",506944.8,6261393.8,0,0,1,
"anchor","1360",347385.2,6308493.8,0,0,1,
"anchor","1366",441725.6,6317227.3,0,0,1,
"anchor","1381",500653.7,6235720.6,0,0,1,
"anchor","1385",349445.3,6335891.9,0,0,1,
"anchor","1389",361119.7,6327244.7,0,0,1,
"anchor","1399",341558.7,6323654.1,0,0,1,
"anchor","1408",432279,6292497.9,0,0,1,
"anchor","1454",404397.8,6340405.1,0,0,1,
"anchor","1464",501734.4,6282629.2,0,0,1,
"anchor","1497",430875.7,6323109.9,0,0,1,
"anchor","1518",342513.5,6348019.5,0,0,1,
"anchor","1524",354192.5,6354641.4,0,0,1,
"anchor","1543",341447.2,6328407.6,0,0,1,
"anchor","1586",472809.5,6288069.8,0,0,1,
"anchor","1596",410351.5,6323572.6,0,0,1,
"anchor","1602",472612.2,6304144.7,0,0,1,
"anchor","1603",362869.6,6318276.3,0,0,1,
"anchor","1627",339389.3,6331024.9,0,0,1,
"anchor","1632",393600.4,6331398.2,0,0,1,
"anchor","1640",428961.2,6335828.2,0,0,1,
"anchor","1653",426362.3,6327310.1,0,0,1,
"anchor","1708",436559.7,6326727,0,0,1,
"anchor","1711",350969.2,6319279.2,0,0,1,
"anchor","1712",341758.8,6340338.2,0,0,1,
"anchor","1715",352398.6,6306457.1,0,0,1,
"anchor","1743",355622.7,6328096.1,0,0,1,
"anchor","1749",476369.1,6222330,0,0,1,
"anchor","1755",433579.9,6269752.7,0,0,1,
"anchor","1763",419207.4,6293003.2,0,0,1,
"anchor","1775",355555.7,6301312.3,0,0,1,
"anchor","1787",402111.8,6285369.5,0,0,1,
"anchor","1824",449376.3,6287545.9,0,0,1,
"anchor","1835",422416.3,6312386.1,0,0,1,
"anchor","1867",345288.6,6314262.2,0,0,1,
"anchor","1875",494382,6283800.9,0,0,1,
"anchor","1900",430327.6,6282590.3,0,0,1,
"anchor","1952",516480.3,6237351.4,0,0,1,
"anchor","1956",510375.5,6249102,0,0,1,
"anchor","1996",492003.4,6224659.3,0,0,1,
"anchor","2134",500476.2,6250147.8,0,0,1,
"anchor","2135",506744.2,6234884.6,0,0,1,
"anchor","2144",474021.8,6236900.6,0,0,1,
"anchor","2145",472141,6247779.5,0,0,1,
"anchor","2148",519882.7,6254857.3,0,0,1,
"anchor","2164",488625.3,6243690.1,0,0,1,
"anchor","2167",490072.9,6231915.8,0,0,1,
"anchor","2176",527893.6,6228259.1,0,0,1,
"anchor","2179",528861.8,6218798.3,0,0,1,
"anchor","2197",445857.5,6267122.2,0,0,1,
"anchor","2199",450638.6,6277793.8,0,0,1,
"anchor","2329",474749.9,6213343.7,0,0,1,
"anchor","2341",465878.1,6308597.5,0,0,1,
